"Order_Date","Product_ID","Product_Name","Category","Price","Quantity","Customer_ID","Customer_Name","Customer_Age","Customer_Gender","Customer_Country"
2023-08-17,1052,"Tablet","Dell",522.85,5,"C1001","Emily Johnson",22,"Male","Australia"
2023-08-05,1008,"Laptop","Apple",245.67,2,"C1002","Noah Wilson",37,"Male","USA"
2023-08-01,1078,"Smartwatch","Bose",528.67,4,"C1003","Noah Wilson",23,"Male","UK"
2023-08-25,1017,"Headphones","Fitbit",302.45,3,"C1004","Lily Kim",25,"Male","Canada"
2023-08-10,1058,"Headphones","Bose",417.99,2,"C1005","Olivia Davis",27,"Male","South Korea"
2023-08-04,1037,"Tablet","Xiaomi",210.54,5,"C1006","Sophia Wang",26,"Female","China"
2023-08-18,1017,"Smartwatch","Samsung",883.36,1,"C1007","Sophia Wang",46,"Male","China"
2023-08-26,1080,"Smartphone","Bose",396.06,1,"C1008","Sophia Wang",36,"Male","South Korea"
2023-08-17,1096,"Smartwatch","Dell",835.89,5,"C1009","Michael Lee",44,"Female","Australia"
2023-08-15,1052,"Headphones","Samsung",668.05,5,"C1010","Lily Kim",56,"Female","China"
2023-08-24,1025,"Smartwatch","Lenovo",134.01,1,"C1011","Sophia Wang",50,"Male","USA"
2023-08-07,1067,"Smartwatch","HP",513.92,1,"C1012","Emily Johnson",40,"Female","USA"
2023-08-04,1014,"Smartphone","Samsung",179.46,2,"C1013","Emily Johnson",31,"Male","South Korea"
2023-08-25,1073,"Smartphone","Apple",248.18,3,"C1014","Lily Kim",31,"Male","USA"
2023-08-05,1056,"Smartwatch","Apple",676.36,1,"C1015","Emma Brown",34,"Female","UK"
2023-08-14,1044,"Laptop","Xiaomi",248.7,1,"C1016","Olivia Davis",53,"Female","Australia"
2023-08-20,1055,"Smartwatch","HP",236.49,3,"C1017","Sophia Wang",22,"Female","China"
2023-08-26,1073,"Laptop","HP",181,3,"C1018","Emma Brown",28,"Female","South Korea"
2023-08-18,1088,"Laptop","Apple",214.64,5,"C1019","Emily Johnson",51,"Male","USA"
2023-08-15,1067,"Laptop","Samsung",694.54,5,"C1020","Olivia Davis",51,"Female","UK"
2023-08-03,1036,"Headphones","Bose",634.37,5,"C1021","David Liu",53,"Male","USA"
2023-08-09,1035,"Tablet","Bose",647.22,1,"C1022","Noah Wilson",22,"Female","South Korea"
2023-08-25,1039,"Tablet","Xiaomi",524.18,2,"C1023","James Chen",25,"Female","Australia"
2023-08-27,1097,"Smartwatch","Apple",170.82,2,"C1024","Olivia Davis",44,"Female","China"
2023-08-04,1060,"Smartwatch","Apple",602.47,3,"C1025","Michael Lee",29,"Male","South Korea"
2023-08-05,1037,"Tablet","Lenovo",141.66,4,"C1026","John Smith",43,"Female","China"
2023-08-31,1086,"Tablet","Bose",284.38,4,"C1027","Olivia Davis",60,"Female","South Korea"
2023-08-13,1004,"Laptop","Dell",524.86,3,"C1028","Sophia Wang",32,"Male","China"
2023-08-05,1029,"Headphones","Sony",288.12,2,"C1029","Michael Lee",57,"Female","China"
2023-08-20,1091,"Laptop","Lenovo",390.38,5,"C1030","Emma Brown",54,"Male","China"
2023-08-02,1008,"Headphones","Bose",587.8,2,"C1031","Lily Kim",51,"Male","Canada"
2023-08-28,1044,"Laptop","Xiaomi",202.32,5,"C1032","Sophia Wang",36,"Male","Australia"
2023-08-08,1044,"Smartwatch","Fitbit",556.62,5,"C1033","Olivia Davis",50,"Male","UK"
2023-08-03,1012,"Laptop","Apple",865.84,1,"C1034","Olivia Davis",42,"Male","UK"
2023-08-26,1009,"Tablet","Sony",540.41,2,"C1035","John Smith",51,"Male","South Korea"
2023-08-01,1088,"Laptop","Sony",526.25,5,"C1036","Sophia Wang",32,"Female","China"
2023-08-10,1067,"Smartphone","Samsung",278.81,5,"C1037","Lily Kim",38,"Female","UK"
2023-08-24,1003,"Headphones","Apple",542.87,5,"C1038","Olivia Davis",54,"Female","China"
2023-08-30,1026,"Smartphone","Sony",652.4,2,"C1039","Michael Lee",48,"Male","USA"
2023-08-11,1007,"Laptop","Fitbit",757.82,4,"C1040","Noah Wilson",51,"Male","UK"
2023-08-15,1027,"Smartphone","HP",574.95,4,"C1041","Emily Johnson",26,"Male","China"
2023-08-22,1087,"Smartwatch","Bose",696.61,3,"C1042","Lily Kim",43,"Male","UK"
2023-08-26,1044,"Smartphone","Samsung",912.67,3,"C1043","Olivia Davis",53,"Male","Canada"
2023-08-08,1049,"Smartwatch","Samsung",434.33,2,"C1044","David Liu",55,"Male","Canada"
2023-08-04,1096,"Smartwatch","Apple",378.13,1,"C1045","Olivia Davis",48,"Male","UK"
2023-08-04,1079,"Laptop","Bose",215.47,2,"C1046","Lily Kim",23,"Female","South Korea"
2023-08-22,1047,"Smartwatch","Fitbit",842.09,4,"C1047","Sophia Wang",21,"Female","USA"
2023-08-18,1020,"Smartphone","Apple",893.31,3,"C1048","Olivia Davis",33,"Male","Canada"
2023-08-13,1099,"Headphones","Sony",255.92,4,"C1049","Lily Kim",53,"Male","China"
2023-08-28,1091,"Tablet","Fitbit",139.2,5,"C1050","Emily Johnson",38,"Male","China"
2023-08-05,1045,"Headphones","Samsung",647.31,2,"C1051","James Chen",58,"Male","China"
2023-08-04,1019,"Smartphone","Bose",924.51,4,"C1052","James Chen",22,"Male","Australia"
2023-08-02,1066,"Laptop","Bose",231.75,1,"C1053","Sophia Wang",55,"Male","South Korea"
2023-08-24,1022,"Headphones","Xiaomi",364.83,1,"C1054","Sophia Wang",57,"Female","Australia"
2023-08-18,1037,"Smartwatch","Bose",844.94,1,"C1055","Olivia Davis",20,"Female","South Korea"
2023-08-03,1050,"Headphones","Samsung",982.93,2,"C1056","James Chen",45,"Female","Australia"
2023-08-24,1033,"Tablet","Dell",708.2,2,"C1057","Sophia Wang",36,"Male","Canada"
2023-08-23,1068,"Smartwatch","Fitbit",476.99,4,"C1058","Emma Brown",60,"Female","USA"
2023-08-17,1082,"Tablet","Sony",444.08,2,"C1059","John Smith",57,"Male","China"
2023-08-21,1062,"Headphones","Lenovo",361.61,3,"C1060","Sophia Wang",29,"Male","USA"
2023-08-26,1099,"Laptop","Apple",500.01,1,"C1061","Emma Brown",23,"Female","Australia"
2023-08-18,1042,"Smartwatch","Bose",564.79,4,"C1062","David Liu",42,"Female","Canada"
2023-08-06,1056,"Tablet","Xiaomi",670.81,1,"C1063","Olivia Davis",45,"Female","USA"
2023-08-06,1025,"Tablet","Xiaomi",915.48,1,"C1064","Noah Wilson",41,"Male","UK"
2023-08-02,1039,"Smartwatch","Sony",732.6,5,"C1065","Noah Wilson",59,"Female","South Korea"
2023-08-20,1014,"Smartphone","Xiaomi",131.66,4,"C1066","Sophia Wang",51,"Male","South Korea"
2023-08-03,1061,"Smartwatch","Fitbit",903.17,3,"C1067","Emma Brown",46,"Male","South Korea"
2023-08-22,1091,"Tablet","Sony",441.14,3,"C1068","Emma Brown",42,"Male","Australia"
2023-08-21,1074,"Tablet","Fitbit",407.49,1,"C1069","James Chen",49,"Female","USA"
2023-08-02,1023,"Laptop","Lenovo",654.25,3,"C1070","John Smith",54,"Female","South Korea"
2023-08-23,1074,"Laptop","Sony",341.59,1,"C1071","Lily Kim",47,"Female","USA"
2023-08-06,1021,"Tablet","Sony",602.86,2,"C1072","Lily Kim",43,"Male","South Korea"
2023-08-26,1041,"Headphones","Bose",998.19,1,"C1073","Lily Kim",42,"Female","USA"
2023-08-10,1039,"Smartwatch","HP",591.54,4,"C1074","Sophia Wang",54,"Female","China"
2023-08-08,1070,"Tablet","Apple",263.49,1,"C1075","Emma Brown",21,"Male","Canada"
2023-08-05,1052,"Smartwatch","Samsung",435.9,4,"C1076","Noah Wilson",48,"Female","USA"
2023-08-01,1028,"Headphones","Apple",661.22,3,"C1077","Emily Johnson",22,"Female","UK"
2023-08-17,1008,"Headphones","Lenovo",214.36,3,"C1078","John Smith",48,"Male","Australia"
2023-08-07,1031,"Smartwatch","Sony",870.69,2,"C1079","Sophia Wang",47,"Male","Canada"
2023-08-04,1090,"Smartphone","Apple",998.1,2,"C1080","Emma Brown",55,"Male","China"
2023-08-13,1062,"Smartwatch","Xiaomi",104.06,3,"C1081","Noah Wilson",39,"Female","South Korea"
2023-08-10,1024,"Laptop","Sony",166,3,"C1082","David Liu",53,"Female","South Korea"
2023-08-09,1037,"Laptop","Xiaomi",906.29,5,"C1083","Emma Brown",47,"Female","South Korea"
2023-08-29,1058,"Tablet","Samsung",853.64,4,"C1084","Emily Johnson",41,"Male","China"
2023-08-12,1083,"Smartwatch","Fitbit",819.66,1,"C1085","Olivia Davis",23,"Female","China"
2023-08-20,1084,"Laptop","HP",220.57,5,"C1086","Sophia Wang",52,"Male","USA"
2023-08-09,1011,"Headphones","Apple",386.82,2,"C1087","David Liu",38,"Female","China"
2023-08-11,1091,"Tablet","Sony",120.53,5,"C1088","Emily Johnson",49,"Male","USA"
2023-08-03,1071,"Smartwatch","Bose",391.88,1,"C1089","David Liu",59,"Male","USA"
2023-08-29,1056,"Smartphone","Bose",603.91,2,"C1090","Noah Wilson",42,"Female","UK"
2023-08-16,1044,"Smartphone","Samsung",597.46,2,"C1091","Michael Lee",60,"Male","Canada"
2023-08-05,1004,"Laptop","Bose",984.27,2,"C1092","Noah Wilson",34,"Male","Australia"
2023-08-28,1031,"Headphones","HP",988.95,2,"C1093","Sophia Wang",56,"Male","South Korea"
2023-08-24,1052,"Laptop","HP",761.85,4,"C1094","Michael Lee",23,"Male","China"
2023-08-14,1035,"Smartphone","Apple",845.4,4,"C1095","John Smith",21,"Male","UK"
2023-08-05,1061,"Laptop","Fitbit",145.67,4,"C1096","Michael Lee",45,"Male","Canada"
2023-08-28,1061,"Smartwatch","Apple",311.04,5,"C1097","Olivia Davis",52,"Male","China"
2023-08-22,1065,"Tablet","Samsung",329.6,2,"C1098","Sophia Wang",51,"Female","USA"
2023-08-02,1048,"Headphones","Lenovo",358.56,3,"C1099","John Smith",50,"Male","China"
2023-08-18,1005,"Smartphone","Fitbit",303.88,1,"C1100","Noah Wilson",55,"Male","China"
2023-08-24,1017,"Laptop","Apple",363.73,3,"C1101","Lily Kim",41,"Female","Australia"
2023-08-17,1043,"Smartphone","Bose",213.47,5,"C1102","Olivia Davis",24,"Male","Canada"
2023-08-18,1065,"Headphones","HP",739.18,4,"C1103","Lily Kim",55,"Male","South Korea"
2023-08-05,1088,"Tablet","Dell",863.14,1,"C1104","Emily Johnson",51,"Male","USA"
2023-08-14,1033,"Tablet","Apple",987.58,2,"C1105","Michael Lee",54,"Male","South Korea"
2023-08-08,1082,"Headphones","HP",994.06,4,"C1106","James Chen",44,"Male","China"
2023-08-23,1067,"Headphones","Bose",502.61,4,"C1107","Noah Wilson",32,"Male","UK"
2023-08-08,1069,"Smartphone","Fitbit",165.76,1,"C1108","Michael Lee",48,"Male","South Korea"
2023-08-21,1039,"Smartphone","Fitbit",677.34,4,"C1109","John Smith",23,"Male","USA"
2023-08-04,1070,"Smartwatch","Sony",815.08,1,"C1110","Emma Brown",27,"Male","Canada"
2023-08-25,1080,"Headphones","Xiaomi",643.88,1,"C1111","Emma Brown",37,"Female","China"
2023-08-04,1013,"Tablet","Xiaomi",228.8,2,"C1112","Michael Lee",32,"Female","South Korea"
2023-08-07,1033,"Smartwatch","Dell",984.14,2,"C1113","John Smith",49,"Female","China"
2023-08-10,1050,"Smartphone","Lenovo",876.78,2,"C1114","Olivia Davis",22,"Male","USA"
2023-08-18,1010,"Tablet","Apple",172.78,2,"C1115","Emma Brown",58,"Male","USA"
2023-08-27,1078,"Tablet","Fitbit",628.57,3,"C1116","John Smith",20,"Female","Canada"
2023-08-13,1098,"Laptop","Dell",419.34,5,"C1117","John Smith",32,"Female","Canada"
2023-08-21,1080,"Tablet","Sony",449.65,1,"C1118","Sophia Wang",37,"Male","Canada"
2023-08-22,1081,"Smartphone","Sony",773.01,4,"C1119","Emma Brown",35,"Male","China"
2023-08-19,1002,"Headphones","Sony",785.05,4,"C1120","David Liu",46,"Female","South Korea"
2023-08-16,1079,"Tablet","Lenovo",269.86,5,"C1121","James Chen",60,"Male","China"
2023-08-22,1087,"Smartphone","Samsung",987.82,4,"C1122","Michael Lee",52,"Male","South Korea"
2023-08-28,1091,"Tablet","Xiaomi",258.91,3,"C1123","Sophia Wang",51,"Female","USA"
2023-08-29,1040,"Headphones","Xiaomi",928.93,5,"C1124","James Chen",51,"Female","Canada"
2023-08-17,1067,"Headphones","Xiaomi",999.61,3,"C1125","James Chen",30,"Male","USA"
2023-08-12,1034,"Tablet","Fitbit",479.86,1,"C1126","John Smith",32,"Female","China"
2023-08-09,1049,"Smartwatch","Apple",622.83,2,"C1127","James Chen",56,"Female","South Korea"
2023-08-25,1067,"Smartphone","Apple",797.49,5,"C1128","Sophia Wang",50,"Female","Australia"
2023-08-21,1043,"Smartphone","Apple",281.08,1,"C1129","Michael Lee",28,"Male","UK"
2023-08-30,1058,"Headphones","Fitbit",223.26,3,"C1130","Emily Johnson",21,"Male","Canada"
2023-08-11,1037,"Tablet","HP",689.49,2,"C1131","Lily Kim",32,"Male","China"
2023-08-25,1022,"Smartphone","Lenovo",699.82,4,"C1132","Lily Kim",25,"Male","UK"
2023-08-26,1097,"Tablet","Xiaomi",386.95,4,"C1133","Sophia Wang",54,"Female","Australia"
2023-08-16,1003,"Laptop","Bose",848.45,3,"C1134","Olivia Davis",24,"Male","Canada"
2023-08-08,1078,"Headphones","Samsung",192.32,5,"C1135","Michael Lee",24,"Male","Canada"
2023-08-29,1016,"Smartwatch","Bose",709.21,3,"C1136","David Liu",23,"Female","South Korea"
2023-08-23,1074,"Headphones","Lenovo",730.04,3,"C1137","James Chen",27,"Female","USA"
2023-08-06,1027,"Smartphone","Xiaomi",347.89,1,"C1138","Sophia Wang",31,"Female","China"
2023-08-01,1072,"Laptop","Sony",967.64,3,"C1139","Emily Johnson",21,"Female","USA"
2023-08-13,1087,"Tablet","Apple",533.82,1,"C1140","Emma Brown",42,"Male","Canada"
2023-08-14,1009,"Smartphone","HP",982.79,3,"C1141","Emily Johnson",57,"Male","UK"
2023-08-05,1099,"Laptop","HP",352.4,1,"C1142","James Chen",42,"Male","Australia"
2023-08-09,1098,"Tablet","Apple",229.01,4,"C1143","Michael Lee",55,"Female","UK"
2023-08-23,1038,"Smartwatch","Sony",703.96,1,"C1144","David Liu",58,"Female","Canada"
2023-08-16,1098,"Tablet","Apple",113.1,2,"C1145","Olivia Davis",26,"Female","China"
2023-08-26,1048,"Laptop","Fitbit",440.37,1,"C1146","Emily Johnson",20,"Female","China"
2023-08-11,1030,"Tablet","Bose",948.04,1,"C1147","Lily Kim",53,"Male","USA"
2023-08-10,1089,"Tablet","Apple",470.65,3,"C1148","John Smith",25,"Male","China"
2023-08-10,1094,"Tablet","Sony",744.13,2,"C1149","John Smith",47,"Female","USA"
2023-08-24,1073,"Smartwatch","Xiaomi",337.15,4,"C1150","Michael Lee",24,"Female","UK"
2023-08-01,1037,"Tablet","Dell",237.01,1,"C1151","Emma Brown",58,"Female","USA"
2023-08-27,1081,"Smartphone","Sony",871.35,2,"C1152","David Liu",32,"Female","UK"
2023-08-25,1020,"Smartphone","Dell",250.75,4,"C1153","Sophia Wang",35,"Female","UK"
2023-08-29,1100,"Smartwatch","Apple",668.88,3,"C1154","James Chen",50,"Male","UK"
2023-08-25,1098,"Laptop","Samsung",207.83,1,"C1155","Olivia Davis",45,"Male","China"
2023-08-19,1067,"Laptop","Sony",253.12,4,"C1156","James Chen",26,"Female","UK"
2023-08-31,1017,"Smartphone","Apple",651.53,2,"C1157","Sophia Wang",25,"Male","Australia"
2023-08-17,1088,"Tablet","Xiaomi",639.24,4,"C1158","Olivia Davis",47,"Female","Australia"
2023-08-14,1075,"Headphones","Dell",677.81,2,"C1159","Lily Kim",47,"Male","Australia"
2023-08-14,1008,"Tablet","Bose",362.62,1,"C1160","Lily Kim",24,"Female","China"
2023-08-15,1039,"Smartphone","Bose",628.9,2,"C1161","Emma Brown",49,"Male","Canada"
2023-08-06,1053,"Smartwatch","Fitbit",587,2,"C1162","Michael Lee",51,"Female","USA"
2023-08-24,1020,"Smartphone","Xiaomi",465.45,4,"C1163","Emily Johnson",41,"Male","UK"
2023-08-15,1092,"Tablet","Sony",972.08,3,"C1164","James Chen",36,"Male","UK"
2023-08-11,1061,"Headphones","Xiaomi",465.56,1,"C1165","Lily Kim",46,"Female","China"
2023-08-30,1023,"Tablet","Lenovo",234.05,3,"C1166","Michael Lee",38,"Male","Canada"
2023-08-05,1056,"Headphones","Lenovo",636.71,2,"C1167","Olivia Davis",26,"Male","China"
2023-08-16,1033,"Smartphone","Fitbit",628.35,2,"C1168","Emily Johnson",52,"Female","Canada"
2023-08-17,1060,"Smartphone","HP",668.8,3,"C1169","Lily Kim",43,"Female","Canada"
2023-08-22,1019,"Tablet","Sony",169.53,3,"C1170","Olivia Davis",38,"Male","UK"
2023-08-17,1080,"Laptop","Apple",203.86,4,"C1171","Emily Johnson",51,"Female","USA"
2023-08-18,1050,"Smartwatch","Fitbit",757.95,2,"C1172","John Smith",29,"Male","South Korea"
2023-08-31,1010,"Smartwatch","Samsung",946.06,4,"C1173","Olivia Davis",21,"Female","Canada"
2023-08-02,1074,"Tablet","Apple",167.24,1,"C1174","David Liu",22,"Male","Australia"
2023-08-30,1019,"Smartphone","Bose",170.88,3,"C1175","James Chen",51,"Male","Canada"
2023-08-06,1077,"Tablet","Dell",139.96,5,"C1176","Emily Johnson",50,"Female","China"
2023-08-22,1087,"Smartphone","Bose",191.78,4,"C1177","John Smith",37,"Female","USA"
2023-08-06,1040,"Tablet","Xiaomi",740.18,4,"C1178","Michael Lee",34,"Male","China"
2023-08-31,1053,"Tablet","Bose",171.22,1,"C1179","Michael Lee",30,"Male","USA"
2023-08-06,1039,"Headphones","Fitbit",303.83,3,"C1180","Emma Brown",56,"Female","South Korea"
2023-08-20,1060,"Smartwatch","Dell",978.2,4,"C1181","James Chen",53,"Male","China"
2023-08-28,1039,"Headphones","HP",121.93,3,"C1182","John Smith",37,"Female","China"
2023-08-15,1037,"Smartphone","Lenovo",731.15,5,"C1183","Lily Kim",54,"Male","China"
2023-08-02,1065,"Tablet","HP",183.41,2,"C1184","Olivia Davis",49,"Male","Australia"
2023-08-10,1051,"Tablet","Fitbit",544.31,5,"C1185","John Smith",53,"Female","Australia"
2023-08-23,1056,"Headphones","Bose",873.04,2,"C1186","David Liu",27,"Male","China"
2023-08-28,1098,"Laptop","Apple",293.77,2,"C1187","Noah Wilson",46,"Female","Australia"
2023-08-30,1050,"Smartphone","Sony",612.81,4,"C1188","Lily Kim",28,"Female","USA"
2023-08-12,1023,"Headphones","Dell",542.26,1,"C1189","Noah Wilson",53,"Male","Canada"
2023-08-26,1038,"Tablet","HP",624.12,1,"C1190","Noah Wilson",48,"Female","China"
2023-08-09,1053,"Laptop","Apple",394.46,5,"C1191","John Smith",35,"Female","USA"
2023-08-01,1036,"Smartwatch","HP",832.71,3,"C1192","Emily Johnson",23,"Female","UK"
2023-08-02,1061,"Smartwatch","Samsung",954.51,2,"C1193","John Smith",30,"Male","USA"
2023-08-24,1012,"Laptop","Samsung",620.84,3,"C1194","Michael Lee",60,"Female","USA"
2023-08-24,1006,"Smartwatch","Apple",704.2,5,"C1195","John Smith",38,"Male","Canada"
2023-08-02,1081,"Laptop","Fitbit",100.66,5,"C1196","Emily Johnson",43,"Female","China"
2023-08-25,1001,"Tablet","Samsung",158.09,2,"C1197","Emily Johnson",40,"Female","USA"
2023-08-28,1059,"Smartwatch","Apple",557.07,5,"C1198","Noah Wilson",50,"Male","South Korea"
2023-08-11,1056,"Headphones","Dell",189.65,2,"C1199","Noah Wilson",50,"Male","UK"
2023-08-29,1084,"Laptop","Bose",173.47,5,"C1200","Noah Wilson",30,"Male","Canada"
2023-08-30,1026,"Smartwatch","Xiaomi",799.73,3,"C1201","Lily Kim",36,"Female","UK"
2023-08-14,1057,"Headphones","Samsung",257.81,1,"C1202","Olivia Davis",44,"Female","Australia"
2023-08-02,1083,"Laptop","Fitbit",248.74,1,"C1203","Sophia Wang",21,"Female","UK"
2023-08-28,1056,"Headphones","Sony",146.49,3,"C1204","Olivia Davis",32,"Female","UK"
2023-08-02,1003,"Laptop","Apple",614.98,1,"C1205","David Liu",23,"Female","UK"
2023-08-31,1045,"Smartwatch","Fitbit",679.58,5,"C1206","James Chen",44,"Male","USA"
2023-08-27,1019,"Headphones","Samsung",362.93,1,"C1207","James Chen",33,"Male","Australia"
2023-08-10,1050,"Headphones","Xiaomi",989.98,4,"C1208","Emma Brown",40,"Male","Australia"
2023-08-25,1084,"Smartphone","Dell",477.04,2,"C1209","James Chen",22,"Male","Canada"
2023-08-28,1095,"Smartwatch","Bose",718.04,4,"C1210","Olivia Davis",59,"Male","South Korea"
2023-08-22,1014,"Laptop","Fitbit",603.7,4,"C1211","David Liu",54,"Female","China"
2023-08-05,1098,"Headphones","Fitbit",976,1,"C1212","Olivia Davis",28,"Female","USA"
2023-08-10,1097,"Smartphone","Fitbit",860.62,1,"C1213","John Smith",42,"Female","Australia"
2023-08-17,1022,"Laptop","HP",467.4,1,"C1214","Lily Kim",60,"Female","South Korea"
2023-08-17,1046,"Tablet","Xiaomi",571.9,2,"C1215","Sophia Wang",39,"Female","South Korea"
2023-08-05,1007,"Laptop","Dell",365.93,3,"C1216","Michael Lee",46,"Male","UK"
2023-08-03,1047,"Headphones","Lenovo",581.7,3,"C1217","Michael Lee",50,"Male","South Korea"
2023-08-14,1055,"Laptop","Bose",805.69,4,"C1218","John Smith",56,"Female","Canada"
2023-08-14,1038,"Smartphone","Lenovo",813.85,3,"C1219","John Smith",36,"Male","UK"
2023-08-28,1043,"Smartwatch","Fitbit",194.7,5,"C1220","James Chen",31,"Female","South Korea"
2023-08-26,1074,"Tablet","Dell",583.17,5,"C1221","Sophia Wang",40,"Female","South Korea"
2023-08-01,1094,"Headphones","Fitbit",183.45,5,"C1222","Noah Wilson",35,"Female","UK"
2023-08-05,1049,"Headphones","Apple",577.12,3,"C1223","Emma Brown",50,"Female","Australia"
2023-08-03,1025,"Laptop","Lenovo",101.35,4,"C1224","John Smith",58,"Female","USA"
2023-08-22,1074,"Smartwatch","Apple",524.64,4,"C1225","Emily Johnson",23,"Female","USA"
2023-08-26,1030,"Smartwatch","Xiaomi",111.71,1,"C1226","Lily Kim",37,"Male","South Korea"
2023-08-31,1027,"Smartwatch","Samsung",442.7,3,"C1227","Lily Kim",29,"Female","Australia"
2023-08-31,1019,"Laptop","Dell",396.43,4,"C1228","Emily Johnson",34,"Male","China"
2023-08-13,1042,"Smartwatch","Apple",956.98,3,"C1229","Emma Brown",23,"Female","South Korea"
2023-08-11,1061,"Tablet","Lenovo",594.64,3,"C1230","Emily Johnson",26,"Male","South Korea"
2023-08-20,1073,"Tablet","Apple",293.41,3,"C1231","Emily Johnson",23,"Female","China"
2023-08-26,1022,"Tablet","Bose",426.85,1,"C1232","Michael Lee",49,"Male","Australia"
2023-08-17,1091,"Headphones","Apple",326.44,2,"C1233","Noah Wilson",55,"Female","China"
2023-08-27,1072,"Smartphone","Xiaomi",125.64,2,"C1234","Michael Lee",37,"Female","USA"
2023-08-27,1083,"Laptop","Sony",119.6,1,"C1235","James Chen",50,"Female","Australia"
2023-08-30,1071,"Tablet","Samsung",211.82,2,"C1236","James Chen",42,"Female","USA"
2023-08-20,1090,"Tablet","Apple",173.12,5,"C1237","Emma Brown",47,"Male","Canada"
2023-08-04,1016,"Tablet","Samsung",293.5,4,"C1238","James Chen",53,"Male","USA"
2023-08-20,1072,"Smartphone","HP",324.7,4,"C1239","Noah Wilson",42,"Male","UK"
2023-08-11,1023,"Smartwatch","Dell",834.2,1,"C1240","Lily Kim",54,"Male","Australia"
2023-08-17,1085,"Laptop","Bose",789.79,3,"C1241","Lily Kim",60,"Female","Australia"
2023-08-09,1060,"Tablet","Dell",661.61,3,"C1242","Noah Wilson",56,"Female","Australia"
2023-08-17,1080,"Laptop","Dell",449.92,3,"C1243","Sophia Wang",20,"Female","Australia"
2023-08-30,1095,"Headphones","Apple",283.71,1,"C1244","Sophia Wang",26,"Female","China"
2023-08-13,1093,"Laptop","Lenovo",510.68,2,"C1245","James Chen",43,"Female","Australia"
2023-08-31,1043,"Smartphone","Sony",147.88,4,"C1246","James Chen",51,"Female","Canada"
2023-08-30,1057,"Tablet","Dell",423.65,5,"C1247","Sophia Wang",30,"Female","UK"
2023-08-28,1027,"Tablet","Lenovo",490.52,2,"C1248","Emily Johnson",36,"Male","Canada"
2023-08-31,1074,"Smartwatch","HP",282.16,4,"C1249","Emma Brown",20,"Female","Australia"
2023-08-17,1084,"Smartwatch","HP",134.05,3,"C1250","Emma Brown",40,"Female","USA"
2023-08-29,1018,"Headphones","Dell",503.36,4,"C1251","Olivia Davis",40,"Female","Canada"
2023-08-20,1016,"Headphones","Apple",327.18,2,"C1252","Emily Johnson",22,"Female","Canada"
2023-08-01,1072,"Headphones","Lenovo",509.71,4,"C1253","Michael Lee",43,"Female","China"
2023-08-17,1085,"Smartwatch","Lenovo",441.15,5,"C1254","John Smith",58,"Male","UK"
2023-08-01,1023,"Laptop","Apple",875.1,1,"C1255","Emma Brown",27,"Male","UK"
2023-08-28,1050,"Smartwatch","HP",900.32,5,"C1256","Noah Wilson",29,"Female","Australia"
2023-08-02,1002,"Smartphone","Xiaomi",750.96,2,"C1257","Emma Brown",49,"Female","Canada"
2023-08-31,1097,"Headphones","Xiaomi",833.35,1,"C1258","Emily Johnson",23,"Male","Canada"
2023-08-08,1092,"Tablet","Lenovo",637.69,3,"C1259","Michael Lee",26,"Male","Australia"
2023-08-31,1031,"Tablet","Xiaomi",622.71,2,"C1260","James Chen",38,"Male","Canada"
2023-08-16,1092,"Smartphone","Dell",352.54,1,"C1261","Michael Lee",46,"Female","South Korea"
2023-08-03,1054,"Headphones","Fitbit",473.05,1,"C1262","Lily Kim",28,"Female","UK"
2023-08-05,1073,"Headphones","Lenovo",159.44,5,"C1263","Olivia Davis",29,"Female","Australia"
2023-08-13,1033,"Tablet","Samsung",381.5,2,"C1264","Noah Wilson",52,"Female","UK"
2023-08-12,1017,"Smartphone","Apple",730.9,5,"C1265","Lily Kim",44,"Female","China"
2023-08-01,1006,"Tablet","Samsung",753.79,2,"C1266","David Liu",23,"Female","South Korea"
2023-08-30,1012,"Headphones","Lenovo",184.68,1,"C1267","Michael Lee",36,"Female","China"
2023-08-19,1083,"Tablet","Samsung",173.48,5,"C1268","Emma Brown",35,"Female","China"
2023-08-28,1033,"Smartwatch","HP",289.28,3,"C1269","David Liu",32,"Female","Canada"
2023-08-31,1011,"Smartwatch","HP",425.45,1,"C1270","Michael Lee",51,"Female","USA"
2023-08-05,1092,"Smartwatch","Samsung",514.91,3,"C1271","Sophia Wang",30,"Female","South Korea"
2023-08-15,1064,"Laptop","Apple",901.76,3,"C1272","James Chen",35,"Female","USA"
2023-08-24,1061,"Smartwatch","HP",938.65,3,"C1273","Emily Johnson",57,"Female","Canada"
2023-08-06,1091,"Smartphone","Samsung",287.19,1,"C1274","Michael Lee",45,"Male","USA"
2023-08-23,1060,"Laptop","Apple",918.6,3,"C1275","Michael Lee",35,"Female","Australia"
2023-08-16,1080,"Laptop","Xiaomi",157.08,2,"C1276","Emma Brown",49,"Male","China"
2023-08-10,1078,"Tablet","Sony",381.24,1,"C1277","Sophia Wang",59,"Female","China"
2023-08-07,1051,"Headphones","Lenovo",550.33,3,"C1278","James Chen",49,"Male","China"
2023-08-31,1053,"Tablet","Fitbit",946.58,5,"C1279","John Smith",56,"Male","Canada"
2023-08-09,1087,"Smartphone","Lenovo",654.46,3,"C1280","Olivia Davis",45,"Female","USA"
2023-08-09,1037,"Laptop","HP",993.11,4,"C1281","Emily Johnson",55,"Female","Canada"
2023-08-25,1040,"Headphones","Lenovo",960.44,1,"C1282","James Chen",49,"Female","UK"
2023-08-03,1053,"Smartwatch","Fitbit",474.15,4,"C1283","Noah Wilson",33,"Male","Canada"
2023-08-18,1083,"Smartphone","Apple",263.87,1,"C1284","Emma Brown",43,"Male","Canada"
2023-08-21,1048,"Smartwatch","Xiaomi",623.95,5,"C1285","Michael Lee",56,"Female","USA"
2023-08-15,1047,"Headphones","Sony",369.31,5,"C1286","Olivia Davis",30,"Male","Canada"
2023-08-28,1071,"Laptop","Dell",569,3,"C1287","Lily Kim",37,"Male","UK"
2023-08-28,1033,"Smartwatch","HP",903.26,5,"C1288","Olivia Davis",40,"Female","UK"
2023-08-15,1024,"Headphones","HP",885.76,4,"C1289","Michael Lee",57,"Male","UK"
2023-08-29,1079,"Smartwatch","HP",454.95,4,"C1290","Emma Brown",35,"Female","UK"
2023-08-25,1072,"Tablet","Xiaomi",140.57,3,"C1291","Lily Kim",44,"Male","Canada"
2023-08-20,1006,"Smartphone","Samsung",657.57,5,"C1292","Olivia Davis",41,"Female","South Korea"
2023-08-25,1043,"Tablet","Fitbit",384.03,1,"C1293","Emma Brown",49,"Male","UK"
2023-08-16,1098,"Tablet","Fitbit",712.84,3,"C1294","Sophia Wang",28,"Male","USA"
2023-08-22,1033,"Headphones","Lenovo",444,1,"C1295","Noah Wilson",20,"Male","UK"
2023-08-24,1094,"Smartphone","Apple",910.73,1,"C1296","James Chen",47,"Male","USA"
2023-08-01,1052,"Headphones","Sony",903.77,2,"C1297","Michael Lee",35,"Female","Canada"
2023-08-29,1037,"Smartphone","Lenovo",838.38,3,"C1298","Lily Kim",31,"Female","UK"
2023-08-06,1043,"Headphones","Sony",752.37,5,"C1299","David Liu",43,"Female","South Korea"
2023-08-11,1091,"Smartphone","Lenovo",535.29,1,"C1300","Noah Wilson",38,"Female","Canada"
2023-08-09,1027,"Tablet","Bose",253.21,5,"C1301","Lily Kim",55,"Female","UK"
2023-08-22,1049,"Smartphone","Sony",188.8,3,"C1302","James Chen",28,"Male","South Korea"
2023-08-26,1017,"Smartphone","Lenovo",434.84,2,"C1303","Lily Kim",26,"Male","Canada"
2023-08-22,1062,"Smartwatch","Samsung",521.56,5,"C1304","Lily Kim",58,"Female","China"
2023-08-22,1081,"Headphones","Lenovo",954.55,2,"C1305","Michael Lee",57,"Female","China"
2023-08-20,1026,"Headphones","Sony",793.29,1,"C1306","David Liu",49,"Male","USA"
2023-08-23,1094,"Smartwatch","Lenovo",375.27,3,"C1307","Lily Kim",32,"Male","USA"
2023-08-22,1057,"Headphones","Bose",909.24,3,"C1308","Lily Kim",24,"Male","Canada"
2023-08-31,1027,"Smartwatch","Dell",624.55,2,"C1309","Olivia Davis",41,"Male","China"
2023-08-26,1083,"Smartwatch","Apple",772.32,2,"C1310","James Chen",45,"Male","South Korea"
2023-08-13,1077,"Smartwatch","Apple",968.9,5,"C1311","David Liu",24,"Male","South Korea"
2023-08-05,1082,"Headphones","Sony",157.53,2,"C1312","Emma Brown",42,"Female","Australia"
2023-08-11,1074,"Tablet","HP",675.14,1,"C1313","Emma Brown",21,"Male","USA"
2023-08-15,1003,"Laptop","Lenovo",595.2,1,"C1314","Olivia Davis",58,"Female","USA"
2023-08-21,1092,"Smartphone","Sony",601.89,2,"C1315","Noah Wilson",29,"Female","China"
2023-08-02,1085,"Headphones","Samsung",216.05,1,"C1316","Emma Brown",56,"Male","China"
2023-08-25,1074,"Smartwatch","Xiaomi",229.84,2,"C1317","Michael Lee",58,"Male","Australia"
2023-08-06,1033,"Laptop","Apple",384.88,4,"C1318","Lily Kim",31,"Male","South Korea"
2023-08-01,1011,"Laptop","Dell",716.71,4,"C1319","Emily Johnson",46,"Male","China"
2023-08-14,1013,"Headphones","Samsung",222.4,4,"C1320","James Chen",29,"Male","UK"
2023-08-16,1046,"Smartphone","Sony",905.4,2,"C1321","Olivia Davis",53,"Female","UK"
2023-08-17,1071,"Tablet","Apple",960.52,2,"C1322","Noah Wilson",32,"Female","Canada"
2023-08-11,1036,"Smartwatch","Dell",613.42,2,"C1323","Sophia Wang",28,"Male","Australia"
2023-08-28,1014,"Laptop","Sony",484.27,2,"C1324","Emma Brown",41,"Male","USA"
2023-08-18,1069,"Tablet","Dell",464.9,1,"C1325","John Smith",43,"Female","Canada"
2023-08-23,1057,"Tablet","Fitbit",971.79,4,"C1326","Sophia Wang",34,"Female","USA"
2023-08-02,1084,"Laptop","Apple",331.42,1,"C1327","Olivia Davis",57,"Female","South Korea"
2023-08-26,1087,"Headphones","Dell",136.68,3,"C1328","David Liu",29,"Female","South Korea"
2023-08-10,1046,"Smartphone","Dell",489.09,4,"C1329","John Smith",31,"Male","South Korea"
2023-08-04,1019,"Tablet","Fitbit",295.01,2,"C1330","Olivia Davis",33,"Male","China"
2023-08-20,1047,"Laptop","Lenovo",867.56,5,"C1331","James Chen",45,"Male","Canada"
2023-08-15,1067,"Laptop","Fitbit",808.09,5,"C1332","Noah Wilson",39,"Female","Canada"
2023-08-29,1066,"Smartphone","Fitbit",597.66,1,"C1333","Noah Wilson",58,"Female","USA"
2023-08-07,1062,"Headphones","Bose",367.54,1,"C1334","James Chen",53,"Female","USA"
2023-08-17,1010,"Smartwatch","Sony",913.35,2,"C1335","Lily Kim",26,"Male","UK"
2023-08-27,1042,"Laptop","Lenovo",978.83,3,"C1336","Noah Wilson",33,"Female","South Korea"
2023-08-30,1042,"Tablet","Bose",839.87,1,"C1337","David Liu",43,"Female","UK"
2023-08-05,1028,"Smartwatch","Apple",331.54,2,"C1338","John Smith",26,"Male","China"
2023-08-22,1035,"Laptop","Apple",402.91,2,"C1339","Emily Johnson",45,"Female","USA"
2023-08-20,1088,"Smartphone","Fitbit",113.95,1,"C1340","Lily Kim",24,"Female","UK"
2023-08-18,1057,"Laptop","Dell",339.9,2,"C1341","Sophia Wang",53,"Female","UK"
2023-08-26,1049,"Laptop","Bose",517,4,"C1342","David Liu",23,"Female","South Korea"
2023-08-09,1050,"Tablet","HP",641.23,4,"C1343","James Chen",59,"Male","Australia"
2023-08-11,1081,"Tablet","Dell",410.98,1,"C1344","Michael Lee",36,"Female","Australia"
2023-08-28,1010,"Smartphone","Sony",700.84,5,"C1345","Michael Lee",33,"Male","Canada"
2023-08-06,1040,"Smartwatch","Samsung",500.49,1,"C1346","Olivia Davis",59,"Male","Canada"
2023-08-10,1025,"Smartphone","Lenovo",215.84,3,"C1347","James Chen",26,"Male","South Korea"
2023-08-09,1023,"Headphones","Apple",284.02,1,"C1348","Olivia Davis",57,"Male","Canada"
2023-08-31,1064,"Laptop","Samsung",271.96,3,"C1349","John Smith",30,"Male","South Korea"
2023-08-23,1013,"Smartwatch","Samsung",321.82,2,"C1350","Lily Kim",26,"Male","China"
2023-08-26,1091,"Headphones","Fitbit",577.27,4,"C1351","John Smith",58,"Female","Canada"
2023-08-19,1037,"Headphones","Bose",292.57,5,"C1352","John Smith",56,"Female","China"
2023-08-09,1081,"Smartwatch","Fitbit",123.26,5,"C1353","Olivia Davis",21,"Male","China"
2023-08-11,1089,"Smartphone","HP",407.8,2,"C1354","John Smith",50,"Female","Australia"
2023-08-19,1009,"Smartwatch","Lenovo",454.72,4,"C1355","John Smith",22,"Female","China"
2023-08-28,1040,"Headphones","Apple",212.81,1,"C1356","Emily Johnson",46,"Male","Canada"
2023-08-21,1092,"Smartwatch","Sony",841.97,5,"C1357","John Smith",48,"Female","Australia"
2023-08-04,1019,"Smartwatch","HP",880.96,1,"C1358","Michael Lee",50,"Male","UK"
2023-08-10,1013,"Headphones","Bose",265.58,4,"C1359","Noah Wilson",31,"Female","Canada"
2023-08-22,1097,"Laptop","HP",270.62,3,"C1360","Sophia Wang",50,"Female","Canada"
2023-08-25,1012,"Laptop","Lenovo",362.94,4,"C1361","Lily Kim",22,"Female","South Korea"
2023-08-22,1001,"Smartphone","Dell",909.65,3,"C1362","Lily Kim",38,"Female","USA"
2023-08-27,1038,"Headphones","Xiaomi",911.3,3,"C1363","James Chen",43,"Female","USA"
2023-08-17,1083,"Tablet","Dell",165.64,3,"C1364","Michael Lee",52,"Female","UK"
2023-08-30,1019,"Laptop","HP",405.13,4,"C1365","James Chen",49,"Male","USA"
2023-08-27,1037,"Headphones","Dell",820.15,4,"C1366","Noah Wilson",33,"Female","Canada"
2023-08-21,1023,"Laptop","Sony",309.14,2,"C1367","Emma Brown",25,"Male","South Korea"
2023-08-12,1063,"Laptop","Sony",345.86,2,"C1368","James Chen",26,"Male","Australia"
2023-08-21,1027,"Headphones","Sony",198.2,5,"C1369","Lily Kim",54,"Male","China"
2023-08-06,1031,"Laptop","HP",597.1,1,"C1370","Olivia Davis",42,"Female","UK"
2023-08-15,1022,"Smartwatch","Fitbit",769.91,2,"C1371","Emma Brown",52,"Female","Australia"
2023-08-09,1077,"Smartphone","Samsung",799.93,2,"C1372","Olivia Davis",43,"Male","China"
2023-08-10,1014,"Tablet","Lenovo",426.3,3,"C1373","James Chen",42,"Male","Australia"
2023-08-24,1054,"Smartphone","Dell",261.58,4,"C1374","James Chen",55,"Male","Canada"
2023-08-18,1052,"Headphones","Fitbit",654.42,2,"C1375","Emma Brown",24,"Female","Canada"
2023-08-23,1044,"Smartphone","Fitbit",634.44,1,"C1376","Sophia Wang",50,"Female","UK"
2023-08-07,1020,"Tablet","Bose",435.36,2,"C1377","Lily Kim",43,"Male","Canada"
2023-08-14,1008,"Smartwatch","Xiaomi",533.96,2,"C1378","Lily Kim",42,"Male","Canada"
2023-08-12,1078,"Laptop","Apple",561.92,5,"C1379","Sophia Wang",33,"Male","UK"
2023-08-21,1002,"Smartwatch","Sony",218.5,4,"C1380","John Smith",20,"Female","China"
2023-08-19,1014,"Laptop","Lenovo",741.12,2,"C1381","Emma Brown",50,"Male","UK"
2023-08-10,1056,"Smartphone","Xiaomi",746.14,4,"C1382","Olivia Davis",57,"Male","South Korea"
2023-08-25,1094,"Smartphone","Fitbit",191.88,2,"C1383","Emily Johnson",21,"Male","China"
2023-08-25,1074,"Headphones","Xiaomi",109.61,5,"C1384","John Smith",29,"Female","South Korea"
2023-08-05,1066,"Laptop","Fitbit",165.22,2,"C1385","Emily Johnson",38,"Female","UK"
2023-08-02,1053,"Tablet","Sony",944.84,1,"C1386","Sophia Wang",35,"Male","South Korea"
2023-08-03,1096,"Smartphone","Bose",401.88,3,"C1387","Noah Wilson",23,"Female","Australia"
2023-08-02,1067,"Smartphone","Sony",895.79,3,"C1388","Emma Brown",26,"Female","Australia"
2023-08-27,1056,"Smartphone","Bose",323.66,4,"C1389","Emily Johnson",46,"Female","USA"
2023-08-14,1098,"Smartphone","Dell",478.08,2,"C1390","John Smith",33,"Female","China"
2023-08-31,1028,"Laptop","Sony",880.22,2,"C1391","David Liu",39,"Male","South Korea"
2023-08-27,1092,"Smartwatch","HP",399.49,5,"C1392","David Liu",54,"Female","USA"
2023-08-16,1064,"Smartwatch","Dell",543.55,5,"C1393","Noah Wilson",46,"Female","South Korea"
2023-08-04,1094,"Tablet","Xiaomi",672.12,2,"C1394","David Liu",45,"Female","Canada"
2023-08-24,1074,"Headphones","Lenovo",148.61,3,"C1395","Michael Lee",35,"Female","Canada"
2023-08-21,1089,"Headphones","Apple",382.33,1,"C1396","Michael Lee",21,"Male","Australia"
2023-08-24,1047,"Smartwatch","Apple",169.98,1,"C1397","Lily Kim",26,"Female","UK"
2023-08-06,1019,"Laptop","Apple",480.32,5,"C1398","Sophia Wang",38,"Male","USA"
2023-08-20,1012,"Smartwatch","Fitbit",440.32,4,"C1399","Olivia Davis",30,"Male","South Korea"
2023-08-21,1018,"Laptop","Bose",631.79,2,"C1400","Emily Johnson",50,"Female","South Korea"
2023-08-20,1095,"Smartphone","Apple",985.06,1,"C1401","Olivia Davis",52,"Female","Australia"
2023-08-11,1054,"Laptop","Xiaomi",516.07,4,"C1402","Sophia Wang",51,"Female","South Korea"
2023-08-26,1082,"Smartphone","Lenovo",473.16,5,"C1403","Noah Wilson",42,"Male","Canada"
2023-08-01,1043,"Tablet","Dell",960.75,5,"C1404","Michael Lee",53,"Male","Canada"
2023-08-27,1009,"Smartwatch","Dell",279.9,4,"C1405","John Smith",22,"Female","USA"
2023-08-14,1072,"Laptop","Bose",431.68,3,"C1406","Sophia Wang",38,"Female","South Korea"
2023-08-28,1041,"Smartphone","Bose",498.59,4,"C1407","Michael Lee",57,"Male","UK"
2023-08-01,1008,"Smartwatch","Sony",271.63,3,"C1408","Michael Lee",20,"Female","Canada"
2023-08-29,1099,"Smartwatch","Sony",277.84,5,"C1409","Emma Brown",44,"Male","Australia"
2023-08-04,1008,"Laptop","Fitbit",215.83,1,"C1410","Emma Brown",38,"Male","China"
2023-08-13,1010,"Headphones","Samsung",809,1,"C1411","Olivia Davis",59,"Male","South Korea"
2023-08-06,1074,"Laptop","HP",357.12,3,"C1412","John Smith",42,"Male","Australia"
2023-08-22,1034,"Smartwatch","HP",322.21,1,"C1413","Lily Kim",26,"Male","Canada"
2023-08-12,1075,"Tablet","Lenovo",248.44,1,"C1414","Lily Kim",28,"Female","Canada"
2023-08-29,1048,"Tablet","Samsung",205.91,4,"C1415","Sophia Wang",60,"Male","UK"
2023-08-07,1020,"Smartwatch","Apple",844.92,5,"C1416","Olivia Davis",58,"Male","UK"
2023-08-12,1066,"Smartwatch","Dell",410.82,3,"C1417","Olivia Davis",29,"Female","South Korea"
2023-08-05,1095,"Smartwatch","Apple",638.05,3,"C1418","David Liu",33,"Male","China"
2023-08-31,1089,"Smartphone","Dell",359.47,2,"C1419","John Smith",58,"Female","USA"
2023-08-18,1074,"Laptop","Dell",512.49,2,"C1420","Sophia Wang",29,"Female","China"
2023-08-07,1032,"Headphones","Xiaomi",575.96,4,"C1421","James Chen",53,"Male","Australia"
2023-08-13,1100,"Smartphone","HP",559.97,1,"C1422","Michael Lee",58,"Female","China"
2023-08-26,1048,"Laptop","Apple",765.83,4,"C1423","Sophia Wang",29,"Male","China"
2023-08-30,1079,"Smartphone","Dell",263.92,1,"C1424","Lily Kim",36,"Female","Australia"
2023-08-22,1087,"Smartphone","Samsung",608.76,2,"C1425","Michael Lee",48,"Female","USA"
2023-08-02,1024,"Smartphone","Bose",991.57,5,"C1426","James Chen",28,"Female","South Korea"
2023-08-28,1089,"Headphones","Sony",770.27,1,"C1427","Noah Wilson",49,"Male","China"
2023-08-03,1011,"Headphones","Dell",811.61,3,"C1428","Olivia Davis",52,"Female","Canada"
2023-08-01,1083,"Headphones","Lenovo",297.41,3,"C1429","David Liu",38,"Male","Canada"
2023-08-15,1098,"Headphones","Bose",805.17,1,"C1430","John Smith",24,"Female","UK"
2023-08-29,1005,"Smartwatch","Dell",263.61,5,"C1431","Michael Lee",60,"Female","UK"
2023-08-20,1019,"Laptop","Dell",610.83,1,"C1432","Noah Wilson",35,"Female","USA"
2023-08-11,1063,"Laptop","Bose",456.24,1,"C1433","Olivia Davis",28,"Male","Canada"
2023-08-09,1087,"Laptop","HP",606.92,2,"C1434","Olivia Davis",51,"Female","Australia"
2023-08-22,1052,"Headphones","Xiaomi",586.92,4,"C1435","Noah Wilson",31,"Male","Canada"
2023-08-10,1059,"Smartphone","Apple",776.01,5,"C1436","Noah Wilson",45,"Male","Australia"
2023-08-07,1042,"Headphones","Samsung",376.33,4,"C1437","Olivia Davis",58,"Male","Australia"
2023-08-19,1064,"Smartphone","Bose",701.19,2,"C1438","Olivia Davis",51,"Female","UK"
2023-08-28,1005,"Tablet","Bose",432.98,2,"C1439","Emma Brown",50,"Female","USA"
2023-08-18,1085,"Laptop","Fitbit",804.22,2,"C1440","Michael Lee",32,"Female","Australia"
2023-08-25,1042,"Smartwatch","Fitbit",781.76,5,"C1441","John Smith",38,"Female","Australia"
2023-08-12,1017,"Tablet","Xiaomi",395.48,4,"C1442","Emma Brown",28,"Female","China"
2023-08-10,1058,"Tablet","Samsung",793.63,5,"C1443","James Chen",37,"Female","Australia"
2023-08-09,1055,"Smartwatch","Lenovo",908.4,2,"C1444","James Chen",28,"Male","Australia"
2023-08-19,1099,"Smartphone","Apple",795.79,2,"C1445","John Smith",36,"Male","South Korea"
2023-08-15,1074,"Headphones","Sony",163.29,2,"C1446","Emily Johnson",57,"Female","USA"
2023-08-14,1092,"Smartphone","Samsung",672.99,2,"C1447","Lily Kim",27,"Male","South Korea"
2023-08-23,1098,"Headphones","HP",969.47,4,"C1448","James Chen",43,"Male","China"
2023-08-03,1022,"Smartphone","Dell",886.15,3,"C1449","Emily Johnson",49,"Male","China"
2023-08-22,1063,"Tablet","Apple",520.53,2,"C1450","David Liu",27,"Female","Australia"
2023-08-29,1069,"Laptop","HP",756.86,5,"C1451","John Smith",52,"Female","China"
2023-08-20,1088,"Smartwatch","Xiaomi",623.82,5,"C1452","Lily Kim",35,"Female","UK"
2023-08-10,1076,"Smartwatch","Bose",448.19,2,"C1453","Olivia Davis",38,"Female","Canada"
2023-08-02,1015,"Tablet","HP",529.13,5,"C1454","Michael Lee",25,"Female","China"
2023-08-23,1026,"Smartphone","Xiaomi",911.58,2,"C1455","Noah Wilson",25,"Male","UK"
2023-08-17,1033,"Smartwatch","Xiaomi",279.64,2,"C1456","Sophia Wang",27,"Female","South Korea"
2023-08-18,1092,"Tablet","HP",415.92,3,"C1457","David Liu",60,"Female","Canada"
2023-08-19,1023,"Laptop","Xiaomi",388.39,3,"C1458","Michael Lee",41,"Female","Canada"
2023-08-14,1041,"Tablet","Samsung",650.84,1,"C1459","John Smith",56,"Male","UK"
2023-08-17,1078,"Headphones","Lenovo",941.77,4,"C1460","Michael Lee",21,"Male","South Korea"
2023-08-30,1012,"Laptop","HP",497.24,2,"C1461","James Chen",33,"Female","UK"
2023-08-10,1018,"Headphones","Sony",982.86,1,"C1462","Noah Wilson",45,"Female","USA"
2023-08-05,1007,"Tablet","Sony",177.81,3,"C1463","Sophia Wang",25,"Male","UK"
2023-08-13,1016,"Laptop","Fitbit",230.78,5,"C1464","Sophia Wang",27,"Male","Australia"
2023-08-18,1012,"Tablet","Apple",659.87,3,"C1465","Emma Brown",37,"Female","UK"
2023-08-19,1044,"Tablet","HP",674.92,2,"C1466","Lily Kim",46,"Female","South Korea"
2023-08-19,1006,"Smartphone","Apple",153.39,1,"C1467","Noah Wilson",39,"Female","USA"
2023-08-10,1019,"Smartphone","HP",365.88,4,"C1468","John Smith",43,"Male","China"
2023-08-16,1066,"Smartphone","Bose",896.31,2,"C1469","James Chen",46,"Male","South Korea"
2023-08-02,1072,"Smartwatch","HP",582.38,2,"C1470","John Smith",22,"Male","China"
2023-08-26,1024,"Smartwatch","Dell",719.95,2,"C1471","Noah Wilson",49,"Female","Canada"
2023-08-04,1021,"Smartphone","Samsung",672.65,4,"C1472","Lily Kim",37,"Female","South Korea"
2023-08-25,1033,"Headphones","Fitbit",653.57,3,"C1473","Lily Kim",33,"Male","USA"
2023-08-26,1025,"Headphones","Dell",372.16,4,"C1474","Emma Brown",40,"Male","Australia"
2023-08-29,1047,"Smartphone","Fitbit",480.8,5,"C1475","James Chen",43,"Female","UK"
2023-08-07,1028,"Laptop","Sony",651.75,2,"C1476","Michael Lee",37,"Male","USA"
2023-08-01,1050,"Tablet","HP",318.27,1,"C1477","James Chen",59,"Male","UK"
2023-08-14,1046,"Smartphone","Xiaomi",957.11,1,"C1478","Lily Kim",40,"Male","South Korea"
2023-08-20,1089,"Tablet","Apple",906.17,5,"C1479","Emily Johnson",21,"Female","Canada"
2023-08-22,1097,"Smartphone","Apple",225.88,3,"C1480","Noah Wilson",44,"Female","UK"
2023-08-19,1006,"Laptop","Fitbit",557.19,4,"C1481","Olivia Davis",58,"Male","UK"
2023-08-12,1083,"Headphones","Fitbit",410.83,5,"C1482","Sophia Wang",23,"Female","USA"
2023-08-19,1036,"Headphones","Sony",964.64,4,"C1483","Michael Lee",37,"Male","China"
2023-08-06,1021,"Smartphone","Sony",655.16,3,"C1484","James Chen",54,"Female","South Korea"
2023-08-12,1001,"Smartphone","Bose",665.71,4,"C1485","James Chen",24,"Male","Canada"
2023-08-25,1061,"Smartwatch","Lenovo",681.03,3,"C1486","Olivia Davis",28,"Female","Australia"
2023-08-30,1001,"Smartphone","Fitbit",981.99,2,"C1487","Noah Wilson",46,"Female","UK"
2023-08-10,1001,"Tablet","Dell",574.25,2,"C1488","David Liu",55,"Male","South Korea"
2023-08-07,1015,"Headphones","Lenovo",617.05,2,"C1489","David Liu",28,"Female","UK"
2023-08-19,1090,"Tablet","Xiaomi",672.01,3,"C1490","James Chen",54,"Male","Australia"
2023-08-25,1027,"Smartwatch","Apple",254.23,1,"C1491","James Chen",58,"Female","Australia"
2023-08-02,1018,"Smartwatch","Apple",491.18,2,"C1492","Lily Kim",34,"Male","China"
2023-08-06,1085,"Smartwatch","HP",919.59,5,"C1493","Olivia Davis",57,"Male","USA"
2023-08-09,1059,"Smartphone","Fitbit",617.8,4,"C1494","Sophia Wang",45,"Male","South Korea"
2023-08-24,1094,"Tablet","Fitbit",917.6,3,"C1495","Michael Lee",59,"Male","China"
2023-08-11,1075,"Smartwatch","Dell",525.35,2,"C1496","Lily Kim",27,"Male","UK"
2023-08-06,1033,"Smartwatch","Lenovo",348.12,2,"C1497","John Smith",54,"Female","China"
2023-08-31,1094,"Smartwatch","HP",838.26,2,"C1498","Michael Lee",52,"Male","Australia"
2023-08-05,1074,"Laptop","Fitbit",573.85,2,"C1499","David Liu",55,"Female","Australia"
2023-08-14,1062,"Smartwatch","HP",785.19,5,"C1500","James Chen",36,"Male","USA"
2023-08-10,1043,"Headphones","Fitbit",253.44,1,"C1501","Sophia Wang",32,"Female","Australia"
2023-08-15,1083,"Headphones","Apple",543.15,1,"C1502","Noah Wilson",35,"Male","Canada"
2023-08-01,1070,"Smartwatch","Samsung",478.42,4,"C1503","Michael Lee",24,"Female","Canada"
2023-08-09,1072,"Laptop","Dell",914.89,5,"C1504","Lily Kim",50,"Female","Australia"
2023-08-10,1016,"Laptop","Sony",141.25,1,"C1505","Lily Kim",39,"Male","South Korea"
2023-08-17,1056,"Laptop","Bose",610.88,5,"C1506","James Chen",51,"Female","South Korea"
2023-08-12,1081,"Headphones","Xiaomi",857.81,5,"C1507","Emily Johnson",21,"Female","UK"
2023-08-22,1042,"Headphones","HP",746.78,3,"C1508","James Chen",23,"Female","UK"
2023-08-01,1008,"Smartwatch","Samsung",842.17,4,"C1509","James Chen",35,"Female","USA"
2023-08-11,1060,"Headphones","Dell",631.13,5,"C1510","Michael Lee",39,"Female","South Korea"
2023-08-25,1040,"Smartphone","Sony",159.96,1,"C1511","James Chen",44,"Female","Australia"
2023-08-04,1039,"Headphones","Sony",343.11,5,"C1512","Noah Wilson",23,"Female","Australia"
2023-08-03,1046,"Headphones","Fitbit",485.62,1,"C1513","Emma Brown",35,"Male","UK"
2023-08-27,1047,"Laptop","Lenovo",791.68,2,"C1514","Noah Wilson",37,"Male","China"
2023-08-21,1011,"Smartphone","Fitbit",590.42,3,"C1515","Lily Kim",46,"Female","UK"
2023-08-06,1051,"Tablet","Samsung",128.91,4,"C1516","James Chen",44,"Male","Australia"
2023-08-29,1050,"Smartwatch","Samsung",368.96,3,"C1517","Lily Kim",60,"Female","UK"
2023-08-27,1015,"Laptop","Lenovo",249.75,1,"C1518","John Smith",35,"Male","UK"
2023-08-05,1095,"Tablet","Dell",516.94,4,"C1519","Emma Brown",59,"Female","China"
2023-08-10,1083,"Headphones","HP",761.39,2,"C1520","Lily Kim",53,"Female","Canada"
2023-08-30,1087,"Laptop","Apple",514.83,4,"C1521","Sophia Wang",42,"Male","USA"
2023-08-20,1025,"Tablet","Fitbit",903.31,2,"C1522","Sophia Wang",47,"Male","Australia"
2023-08-02,1003,"Smartwatch","Apple",642.38,2,"C1523","James Chen",27,"Male","South Korea"
2023-08-23,1092,"Smartwatch","Apple",159.33,5,"C1524","Michael Lee",27,"Female","UK"
2023-08-04,1042,"Laptop","Lenovo",242.83,5,"C1525","Lily Kim",31,"Male","Canada"
2023-08-25,1016,"Tablet","Sony",893.36,4,"C1526","James Chen",20,"Male","UK"
2023-08-25,1021,"Smartphone","Sony",417.05,2,"C1527","James Chen",47,"Female","USA"
2023-08-20,1027,"Tablet","Bose",181.96,1,"C1528","Emily Johnson",56,"Male","UK"
2023-08-09,1031,"Smartphone","Bose",343.1,5,"C1529","Noah Wilson",44,"Female","Australia"
2023-08-27,1033,"Smartwatch","Dell",347.93,2,"C1530","Olivia Davis",32,"Female","South Korea"
2023-08-14,1058,"Headphones","HP",421.1,2,"C1531","James Chen",31,"Female","Australia"
2023-08-14,1073,"Headphones","Apple",182.66,3,"C1532","David Liu",28,"Female","USA"
2023-08-03,1091,"Headphones","Bose",312.95,2,"C1533","David Liu",26,"Female","USA"
2023-08-31,1035,"Headphones","Lenovo",484.97,1,"C1534","Emma Brown",47,"Male","Australia"
2023-08-31,1069,"Headphones","Apple",634.26,4,"C1535","Noah Wilson",25,"Male","China"
2023-08-18,1028,"Smartwatch","Dell",567.64,2,"C1536","Michael Lee",29,"Male","South Korea"
2023-08-10,1075,"Laptop","Dell",206.41,5,"C1537","David Liu",46,"Female","Canada"
2023-08-01,1046,"Headphones","Sony",693.87,4,"C1538","Emma Brown",36,"Male","UK"
2023-08-08,1048,"Smartphone","Apple",678.93,2,"C1539","Lily Kim",48,"Female","UK"
2023-08-31,1037,"Laptop","HP",402.75,2,"C1540","John Smith",41,"Female","China"
2023-08-20,1072,"Laptop","Lenovo",756.93,2,"C1541","Emma Brown",30,"Male","Australia"
2023-08-21,1038,"Smartphone","Bose",542.94,4,"C1542","Emma Brown",45,"Male","UK"
2023-08-05,1021,"Smartwatch","Lenovo",143.4,3,"C1543","Lily Kim",27,"Male","South Korea"
2023-08-06,1004,"Laptop","Fitbit",657.16,4,"C1544","James Chen",43,"Male","USA"
2023-08-29,1005,"Laptop","Bose",936.39,1,"C1545","Sophia Wang",30,"Male","China"
2023-08-14,1088,"Headphones","Apple",248.88,1,"C1546","John Smith",20,"Female","UK"
2023-08-04,1058,"Headphones","Apple",847.48,2,"C1547","James Chen",23,"Female","Canada"
2023-08-27,1012,"Smartphone","Sony",317.44,5,"C1548","David Liu",60,"Female","China"
2023-08-09,1028,"Laptop","Fitbit",930.48,2,"C1549","David Liu",58,"Female","South Korea"
2023-08-08,1063,"Smartwatch","Samsung",924.37,3,"C1550","John Smith",42,"Male","Australia"
2023-08-23,1042,"Headphones","Apple",622.61,5,"C1551","Olivia Davis",27,"Female","China"
2023-08-16,1036,"Smartphone","Xiaomi",101.42,4,"C1552","Michael Lee",37,"Male","China"
2023-08-26,1002,"Smartphone","Bose",989.64,4,"C1553","Emily Johnson",59,"Female","Canada"
2023-08-12,1012,"Headphones","Xiaomi",847.38,4,"C1554","Lily Kim",29,"Male","UK"
2023-08-10,1045,"Tablet","Sony",817.75,4,"C1555","Noah Wilson",26,"Female","South Korea"
2023-08-14,1001,"Laptop","Sony",869.89,2,"C1556","John Smith",41,"Female","South Korea"
2023-08-23,1060,"Smartphone","Dell",636.57,5,"C1557","Emily Johnson",38,"Male","UK"
2023-08-11,1047,"Smartwatch","Dell",920.48,1,"C1558","Sophia Wang",21,"Female","Australia"
2023-08-23,1076,"Laptop","Sony",544.06,2,"C1559","Emma Brown",52,"Female","UK"
2023-08-22,1095,"Smartwatch","Samsung",409.6,4,"C1560","John Smith",49,"Female","UK"
2023-08-25,1049,"Laptop","Sony",229.04,3,"C1561","James Chen",30,"Male","Canada"
2023-08-27,1001,"Smartphone","HP",819.59,4,"C1562","John Smith",58,"Female","UK"
2023-08-02,1061,"Headphones","HP",740.72,2,"C1563","Sophia Wang",51,"Female","China"
2023-08-16,1074,"Tablet","Samsung",626.76,1,"C1564","Noah Wilson",52,"Female","China"
2023-08-14,1031,"Smartwatch","Sony",565.49,5,"C1565","John Smith",40,"Male","Australia"
2023-08-25,1067,"Laptop","Fitbit",335.57,1,"C1566","Lily Kim",36,"Male","Canada"
2023-08-28,1081,"Smartphone","Samsung",948.13,4,"C1567","Noah Wilson",44,"Male","South Korea"
2023-08-15,1004,"Headphones","Dell",738.83,2,"C1568","Noah Wilson",54,"Male","Australia"
2023-08-17,1025,"Tablet","Bose",766.36,2,"C1569","James Chen",27,"Male","China"
2023-08-06,1075,"Smartwatch","HP",680,4,"C1570","Noah Wilson",22,"Male","USA"
2023-08-23,1039,"Headphones","Sony",296.94,1,"C1571","James Chen",32,"Male","UK"
2023-08-29,1074,"Smartwatch","Apple",413.77,1,"C1572","Emily Johnson",54,"Male","USA"
2023-08-19,1080,"Laptop","Samsung",265.56,2,"C1573","Lily Kim",26,"Male","Canada"
2023-08-10,1071,"Headphones","Bose",390.45,4,"C1574","David Liu",20,"Female","Canada"
2023-08-13,1035,"Smartwatch","HP",892.33,5,"C1575","Noah Wilson",25,"Male","UK"
2023-08-30,1095,"Smartwatch","Sony",455.65,2,"C1576","Emily Johnson",44,"Female","UK"
2023-08-06,1021,"Smartwatch","Bose",700.39,5,"C1577","Emma Brown",30,"Male","USA"
2023-08-01,1061,"Tablet","HP",722.77,1,"C1578","Michael Lee",31,"Male","UK"
2023-08-11,1090,"Tablet","HP",386.86,5,"C1579","Sophia Wang",20,"Male","Australia"
2023-08-13,1029,"Smartwatch","Sony",531.21,4,"C1580","Sophia Wang",23,"Male","Australia"
2023-08-26,1037,"Headphones","Lenovo",333.23,1,"C1581","Sophia Wang",31,"Male","Canada"
2023-08-26,1077,"Headphones","Lenovo",179.34,2,"C1582","Sophia Wang",48,"Female","UK"
2023-08-10,1068,"Laptop","Samsung",132.79,5,"C1583","Noah Wilson",45,"Male","Canada"
2023-08-27,1047,"Smartphone","Bose",659.06,2,"C1584","Emily Johnson",33,"Male","China"
2023-08-13,1008,"Smartwatch","Sony",704.06,2,"C1585","Sophia Wang",46,"Male","Canada"
2023-08-15,1099,"Tablet","Bose",421.13,1,"C1586","David Liu",59,"Female","USA"
2023-08-17,1064,"Smartphone","Bose",680.24,5,"C1587","Olivia Davis",33,"Female","China"
2023-08-15,1073,"Laptop","Dell",798.95,3,"C1588","Michael Lee",55,"Male","China"
2023-08-08,1077,"Headphones","Lenovo",943.8,4,"C1589","John Smith",55,"Female","Australia"
2023-08-04,1069,"Headphones","HP",202.04,2,"C1590","Michael Lee",43,"Male","USA"
2023-08-06,1076,"Smartwatch","Sony",967.26,3,"C1591","Emma Brown",31,"Female","Australia"
2023-08-10,1004,"Headphones","HP",125.34,5,"C1592","Sophia Wang",35,"Male","USA"
2023-08-28,1089,"Headphones","HP",202.93,4,"C1593","Emma Brown",29,"Male","South Korea"
2023-08-27,1010,"Smartphone","Dell",378.4,3,"C1594","Noah Wilson",32,"Male","China"
2023-08-20,1058,"Headphones","Dell",461.68,1,"C1595","Emily Johnson",21,"Female","South Korea"
2023-08-24,1003,"Smartphone","Sony",335.84,1,"C1596","Lily Kim",50,"Male","Australia"
2023-08-25,1039,"Smartwatch","HP",273.4,3,"C1597","Michael Lee",34,"Female","Canada"
2023-08-31,1038,"Smartphone","Samsung",775.5,5,"C1598","Sophia Wang",39,"Male","Australia"
2023-08-24,1017,"Smartwatch","Sony",598.4,4,"C1599","Michael Lee",31,"Male","South Korea"
2023-08-16,1026,"Laptop","Fitbit",127.7,4,"C1600","Noah Wilson",37,"Female","China"
2023-08-12,1020,"Headphones","Samsung",919.06,3,"C1601","Olivia Davis",54,"Male","Australia"
2023-08-16,1042,"Headphones","Sony",228.37,5,"C1602","Olivia Davis",36,"Male","Canada"
2023-08-19,1084,"Smartphone","Xiaomi",495.64,2,"C1603","Emma Brown",26,"Male","UK"
2023-08-03,1012,"Smartwatch","Lenovo",504.88,3,"C1604","John Smith",20,"Male","Australia"
2023-08-24,1020,"Tablet","Sony",693,4,"C1605","James Chen",34,"Female","China"
2023-08-21,1028,"Tablet","Bose",307.7,2,"C1606","Olivia Davis",24,"Female","USA"
2023-08-07,1099,"Smartphone","HP",998.17,4,"C1607","Sophia Wang",31,"Female","Canada"
2023-08-03,1062,"Tablet","HP",481.75,2,"C1608","Michael Lee",31,"Male","Canada"
2023-08-10,1003,"Headphones","Dell",328.34,4,"C1609","Michael Lee",24,"Male","Australia"
2023-08-21,1047,"Smartwatch","Xiaomi",203.86,3,"C1610","David Liu",54,"Female","China"
2023-08-10,1012,"Smartphone","Samsung",533.87,5,"C1611","John Smith",24,"Female","UK"
2023-08-07,1047,"Laptop","Samsung",284.41,3,"C1612","Lily Kim",54,"Female","South Korea"
2023-08-19,1035,"Smartphone","Lenovo",203.09,5,"C1613","Lily Kim",45,"Male","China"
2023-08-29,1095,"Smartwatch","Lenovo",261.02,2,"C1614","Noah Wilson",44,"Female","Canada"
2023-08-13,1020,"Headphones","Xiaomi",158.84,2,"C1615","Olivia Davis",45,"Male","Canada"
2023-08-10,1087,"Smartwatch","Sony",136.53,4,"C1616","Olivia Davis",52,"Female","USA"
2023-08-23,1010,"Laptop","Fitbit",222.7,2,"C1617","Noah Wilson",47,"Female","China"
2023-08-14,1090,"Laptop","Apple",684.24,4,"C1618","Lily Kim",44,"Male","UK"
2023-08-24,1063,"Smartphone","Samsung",951.69,1,"C1619","James Chen",28,"Male","South Korea"
2023-08-29,1095,"Smartphone","Fitbit",364.81,3,"C1620","Sophia Wang",30,"Female","Canada"
2023-08-24,1043,"Headphones","Dell",254.09,5,"C1621","Emma Brown",43,"Female","Canada"
2023-08-30,1065,"Smartphone","Fitbit",360.21,2,"C1622","John Smith",26,"Male","UK"
2023-08-11,1042,"Smartphone","Lenovo",906.3,1,"C1623","David Liu",41,"Male","South Korea"
2023-08-13,1058,"Tablet","Bose",879.65,1,"C1624","John Smith",32,"Female","UK"
2023-08-03,1062,"Laptop","Dell",751.33,1,"C1625","Emily Johnson",58,"Female","Australia"
2023-08-10,1035,"Smartphone","HP",773.07,1,"C1626","Noah Wilson",33,"Female","USA"
2023-08-19,1013,"Laptop","Samsung",657.15,2,"C1627","Michael Lee",42,"Male","UK"
2023-08-02,1069,"Smartwatch","Xiaomi",319.55,4,"C1628","James Chen",36,"Male","China"
2023-08-07,1057,"Tablet","Lenovo",550.66,1,"C1629","Olivia Davis",59,"Female","South Korea"
2023-08-20,1048,"Smartphone","Sony",829.51,5,"C1630","James Chen",37,"Female","Canada"
2023-08-21,1014,"Smartwatch","Samsung",582.71,1,"C1631","Sophia Wang",54,"Male","UK"
2023-08-21,1091,"Smartwatch","Lenovo",417.12,3,"C1632","Emma Brown",54,"Male","Australia"
2023-08-11,1091,"Smartwatch","Apple",775.62,4,"C1633","Sophia Wang",43,"Female","Australia"
2023-08-26,1033,"Tablet","HP",399.83,4,"C1634","Olivia Davis",28,"Male","Canada"
2023-08-11,1032,"Smartphone","Bose",692.28,1,"C1635","Noah Wilson",24,"Female","USA"
2023-08-30,1001,"Laptop","Fitbit",609.49,4,"C1636","David Liu",40,"Female","UK"
2023-08-26,1032,"Laptop","Fitbit",197.43,2,"C1637","Lily Kim",22,"Female","USA"
2023-08-01,1043,"Smartwatch","Dell",600.29,5,"C1638","John Smith",41,"Male","Australia"
2023-08-21,1078,"Headphones","Samsung",577.22,5,"C1639","Michael Lee",20,"Female","Canada"
2023-08-30,1097,"Tablet","HP",511.46,5,"C1640","Emily Johnson",58,"Male","South Korea"
2023-08-06,1084,"Tablet","Xiaomi",827.89,3,"C1641","Noah Wilson",32,"Female","Canada"
2023-08-26,1003,"Smartwatch","Xiaomi",460.47,4,"C1642","Michael Lee",37,"Male","South Korea"
2023-08-23,1003,"Tablet","Apple",582.19,2,"C1643","Sophia Wang",58,"Female","South Korea"
2023-08-10,1059,"Tablet","Xiaomi",689.89,5,"C1644","Michael Lee",21,"Male","UK"
2023-08-09,1051,"Smartwatch","Xiaomi",646.19,2,"C1645","Emily Johnson",46,"Male","USA"
2023-08-28,1023,"Tablet","Fitbit",855.94,2,"C1646","James Chen",46,"Male","USA"
2023-08-12,1054,"Headphones","Xiaomi",430.54,5,"C1647","Olivia Davis",45,"Female","Canada"
2023-08-28,1046,"Laptop","HP",412.15,4,"C1648","Sophia Wang",30,"Male","UK"
2023-08-13,1033,"Headphones","Lenovo",942.34,4,"C1649","David Liu",33,"Female","USA"
2023-08-18,1070,"Laptop","Samsung",934.04,2,"C1650","Emily Johnson",21,"Female","Canada"
2023-08-15,1006,"Smartwatch","Xiaomi",129.56,3,"C1651","Emma Brown",29,"Male","UK"
2023-08-21,1078,"Tablet","Apple",281.67,3,"C1652","John Smith",35,"Female","Australia"
2023-08-01,1049,"Smartwatch","Fitbit",320.88,5,"C1653","James Chen",49,"Male","Canada"
2023-08-11,1084,"Headphones","Apple",979.6,5,"C1654","Emma Brown",35,"Male","USA"
2023-08-08,1008,"Laptop","Fitbit",936.98,1,"C1655","Noah Wilson",33,"Male","USA"
2023-08-13,1009,"Smartwatch","Bose",814.58,1,"C1656","Noah Wilson",48,"Female","South Korea"
2023-08-14,1036,"Headphones","Dell",260.61,2,"C1657","John Smith",42,"Female","USA"
2023-08-02,1036,"Laptop","Xiaomi",422.97,5,"C1658","Emma Brown",39,"Male","China"
2023-08-06,1015,"Tablet","Sony",827.23,3,"C1659","Emily Johnson",39,"Female","UK"
2023-08-13,1058,"Headphones","Apple",115.09,3,"C1660","David Liu",33,"Female","UK"
2023-08-30,1007,"Headphones","Xiaomi",973.77,4,"C1661","Emily Johnson",37,"Female","Canada"
2023-08-03,1029,"Headphones","Sony",410.77,3,"C1662","Emma Brown",38,"Female","Canada"
2023-08-28,1079,"Smartphone","Fitbit",282.89,3,"C1663","Sophia Wang",41,"Female","Canada"
2023-08-13,1094,"Laptop","Lenovo",427.66,3,"C1664","Sophia Wang",48,"Female","UK"
2023-08-16,1080,"Smartphone","HP",643.24,5,"C1665","Emma Brown",60,"Male","Australia"
2023-08-19,1059,"Laptop","Sony",933.19,2,"C1666","Lily Kim",54,"Female","China"
2023-08-16,1017,"Smartwatch","Apple",940.72,1,"C1667","Sophia Wang",33,"Male","Canada"
2023-08-13,1065,"Headphones","Dell",681.97,4,"C1668","David Liu",33,"Male","China"
2023-08-13,1058,"Tablet","Fitbit",604.52,1,"C1669","Emily Johnson",20,"Female","South Korea"
2023-08-08,1055,"Smartwatch","Lenovo",130.87,4,"C1670","Michael Lee",44,"Female","Australia"
2023-08-25,1083,"Tablet","Apple",807.72,2,"C1671","Emily Johnson",51,"Male","UK"
2023-08-29,1072,"Tablet","Sony",646.71,1,"C1672","Sophia Wang",39,"Male","Canada"
2023-08-23,1048,"Smartwatch","Samsung",113.19,4,"C1673","Noah Wilson",39,"Female","Australia"
2023-08-13,1075,"Headphones","Bose",255.6,3,"C1674","Emma Brown",24,"Male","China"
2023-08-06,1074,"Headphones","Dell",988.36,4,"C1675","Sophia Wang",36,"Male","China"
2023-08-06,1047,"Smartwatch","Samsung",140.03,1,"C1676","James Chen",25,"Male","South Korea"
2023-08-08,1091,"Smartwatch","Apple",133.23,2,"C1677","Emma Brown",55,"Male","UK"
2023-08-26,1092,"Laptop","HP",838.87,4,"C1678","James Chen",53,"Female","Australia"
2023-08-31,1050,"Smartphone","Samsung",432.44,5,"C1679","Michael Lee",32,"Female","Australia"
2023-08-05,1002,"Laptop","HP",753.68,3,"C1680","Emily Johnson",58,"Female","China"
2023-08-23,1026,"Laptop","HP",204.39,5,"C1681","David Liu",40,"Female","USA"
2023-08-09,1008,"Tablet","Samsung",410.11,3,"C1682","David Liu",51,"Female","South Korea"
2023-08-10,1094,"Smartwatch","Fitbit",768.55,1,"C1683","Emily Johnson",47,"Male","UK"
2023-08-27,1092,"Tablet","Bose",932.24,2,"C1684","James Chen",56,"Male","Australia"
2023-08-28,1080,"Laptop","Xiaomi",895.39,1,"C1685","Olivia Davis",44,"Female","USA"
2023-08-26,1032,"Smartwatch","Xiaomi",439.7,1,"C1686","Emma Brown",30,"Male","China"
2023-08-11,1087,"Smartwatch","Dell",966.43,5,"C1687","John Smith",36,"Male","Australia"
2023-08-27,1037,"Headphones","Xiaomi",141.36,3,"C1688","Emma Brown",20,"Male","Canada"
2023-08-23,1056,"Headphones","Sony",233.04,2,"C1689","Emily Johnson",26,"Male","Canada"
2023-08-01,1007,"Headphones","Fitbit",836.96,4,"C1690","John Smith",57,"Female","UK"
2023-08-22,1076,"Headphones","Fitbit",975.33,4,"C1691","David Liu",24,"Male","Australia"
2023-08-15,1070,"Smartwatch","Xiaomi",324.85,3,"C1692","John Smith",27,"Female","South Korea"
2023-08-04,1030,"Smartphone","Dell",663.44,3,"C1693","Olivia Davis",44,"Female","South Korea"
2023-08-28,1081,"Smartwatch","HP",599.15,1,"C1694","James Chen",43,"Female","Australia"
2023-08-07,1053,"Smartphone","Lenovo",320.96,4,"C1695","Emma Brown",29,"Male","Australia"
2023-08-11,1048,"Laptop","Bose",260.15,1,"C1696","Emma Brown",30,"Female","UK"
2023-08-10,1023,"Headphones","Samsung",833.19,4,"C1697","David Liu",38,"Female","USA"
2023-08-08,1092,"Tablet","Sony",186.43,2,"C1698","Sophia Wang",31,"Female","USA"
2023-08-31,1037,"Tablet","Xiaomi",886.21,4,"C1699","James Chen",47,"Male","UK"
2023-08-28,1001,"Laptop","Xiaomi",703.5,4,"C1700","Sophia Wang",49,"Female","USA"
2023-08-03,1022,"Headphones","Sony",180,1,"C1701","Emily Johnson",57,"Female","South Korea"
2023-08-13,1052,"Smartphone","Dell",265.97,4,"C1702","James Chen",56,"Male","Australia"
2023-08-20,1085,"Laptop","Samsung",177.74,1,"C1703","Emma Brown",42,"Male","South Korea"
2023-08-23,1082,"Tablet","Bose",364.65,3,"C1704","James Chen",58,"Female","USA"
2023-08-24,1051,"Headphones","Xiaomi",607.55,2,"C1705","Emily Johnson",40,"Male","Australia"
2023-08-16,1001,"Smartwatch","Lenovo",788.94,5,"C1706","John Smith",53,"Male","USA"
2023-08-08,1043,"Smartphone","HP",711.18,1,"C1707","Lily Kim",33,"Female","UK"
2023-08-03,1012,"Smartwatch","Sony",104.68,1,"C1708","John Smith",27,"Male","China"
2023-08-09,1099,"Tablet","Apple",430.47,4,"C1709","Emma Brown",55,"Male","China"
2023-08-16,1029,"Smartphone","Lenovo",256.89,4,"C1710","David Liu",28,"Male","Canada"
2023-08-11,1046,"Smartphone","Samsung",336.93,1,"C1711","Lily Kim",34,"Female","Canada"
2023-08-13,1095,"Smartwatch","Bose",943.24,1,"C1712","Olivia Davis",26,"Female","South Korea"
2023-08-07,1064,"Headphones","Apple",892.69,5,"C1713","Michael Lee",43,"Male","UK"
2023-08-18,1001,"Tablet","HP",548.07,5,"C1714","John Smith",33,"Male","South Korea"
2023-08-07,1088,"Tablet","HP",954.29,3,"C1715","Olivia Davis",43,"Male","South Korea"
2023-08-21,1049,"Smartwatch","Fitbit",141.55,2,"C1716","Lily Kim",54,"Male","China"
2023-08-05,1067,"Tablet","Xiaomi",494.83,4,"C1717","Michael Lee",27,"Male","Canada"
2023-08-31,1061,"Laptop","Sony",532.26,1,"C1718","Michael Lee",54,"Female","UK"
2023-08-24,1001,"Tablet","HP",865.67,5,"C1719","Emily Johnson",29,"Male","UK"
2023-08-20,1066,"Smartphone","Xiaomi",566.33,3,"C1720","Noah Wilson",32,"Female","South Korea"
2023-08-18,1064,"Headphones","Samsung",360.14,1,"C1721","Lily Kim",25,"Male","China"
2023-08-07,1060,"Smartwatch","Fitbit",297.02,3,"C1722","David Liu",40,"Male","China"
2023-08-17,1013,"Laptop","Lenovo",406.69,3,"C1723","Sophia Wang",22,"Male","USA"
2023-08-26,1043,"Smartphone","Bose",321.91,4,"C1724","James Chen",54,"Male","Australia"
2023-08-03,1070,"Headphones","Sony",784.38,3,"C1725","John Smith",52,"Female","Australia"
2023-08-16,1038,"Smartwatch","Apple",535.99,2,"C1726","Olivia Davis",29,"Male","China"
2023-08-08,1022,"Smartwatch","Dell",616.05,3,"C1727","Michael Lee",36,"Female","USA"
2023-08-19,1071,"Tablet","Apple",819.53,2,"C1728","David Liu",22,"Male","China"
2023-08-18,1012,"Laptop","Dell",569.75,3,"C1729","Emily Johnson",57,"Female","China"
2023-08-10,1093,"Tablet","Dell",280.05,3,"C1730","Olivia Davis",51,"Female","USA"
2023-08-15,1054,"Smartphone","Lenovo",200.59,5,"C1731","David Liu",59,"Female","USA"
2023-08-29,1001,"Smartwatch","Apple",786.77,2,"C1732","Emily Johnson",42,"Female","USA"
2023-08-12,1077,"Tablet","Xiaomi",593.54,2,"C1733","Olivia Davis",32,"Male","Canada"
2023-08-03,1031,"Smartwatch","HP",127.83,5,"C1734","Emma Brown",24,"Female","South Korea"
2023-08-20,1035,"Laptop","HP",315.38,5,"C1735","Sophia Wang",41,"Male","China"
2023-08-16,1089,"Headphones","Fitbit",979.08,2,"C1736","Sophia Wang",28,"Female","UK"
2023-08-29,1057,"Smartphone","Fitbit",285.06,1,"C1737","Sophia Wang",60,"Male","Australia"
2023-08-22,1040,"Smartphone","Bose",801.7,4,"C1738","John Smith",25,"Female","South Korea"
2023-08-10,1025,"Laptop","Sony",953.21,3,"C1739","Michael Lee",30,"Female","Canada"
2023-08-02,1079,"Smartwatch","HP",340.1,2,"C1740","Olivia Davis",22,"Male","China"
2023-08-08,1037,"Smartwatch","Lenovo",202.15,2,"C1741","Olivia Davis",30,"Male","China"
2023-08-01,1011,"Tablet","Apple",512.87,3,"C1742","Emma Brown",38,"Male","South Korea"
2023-08-13,1045,"Laptop","Lenovo",365.7,5,"C1743","John Smith",28,"Male","Canada"
2023-08-07,1047,"Tablet","Lenovo",197.99,5,"C1744","John Smith",32,"Male","China"
2023-08-11,1088,"Smartphone","HP",118.74,4,"C1745","Michael Lee",33,"Female","South Korea"
2023-08-11,1019,"Smartwatch","Xiaomi",257.89,3,"C1746","James Chen",23,"Male","UK"
2023-08-13,1099,"Smartwatch","Apple",262.93,2,"C1747","Michael Lee",20,"Female","South Korea"
2023-08-31,1060,"Smartwatch","Lenovo",655.27,4,"C1748","Sophia Wang",41,"Female","Canada"
2023-08-05,1097,"Laptop","Xiaomi",328.28,1,"C1749","Sophia Wang",51,"Male","Australia"
2023-08-02,1025,"Smartphone","Samsung",117.54,4,"C1750","Lily Kim",24,"Female","USA"
2023-08-15,1081,"Smartwatch","Apple",846.97,4,"C1751","Sophia Wang",26,"Male","South Korea"
2023-08-05,1012,"Headphones","Bose",775.79,1,"C1752","Emily Johnson",50,"Female","Canada"
2023-08-14,1011,"Smartwatch","Sony",398.22,3,"C1753","James Chen",29,"Female","Australia"
2023-08-05,1043,"Headphones","Lenovo",818.68,1,"C1754","James Chen",27,"Male","Canada"
2023-08-26,1005,"Smartphone","Fitbit",892.77,3,"C1755","David Liu",52,"Female","Australia"
2023-08-17,1077,"Smartphone","Sony",593.78,4,"C1756","John Smith",36,"Female","UK"
2023-08-28,1032,"Laptop","Samsung",965.63,1,"C1757","John Smith",43,"Female","South Korea"
2023-08-18,1053,"Smartwatch","Fitbit",293.75,5,"C1758","Emily Johnson",28,"Female","Australia"
2023-08-27,1085,"Laptop","Sony",434.42,1,"C1759","Emily Johnson",57,"Male","Canada"
2023-08-22,1061,"Headphones","Lenovo",763.16,4,"C1760","Noah Wilson",31,"Male","South Korea"
2023-08-17,1037,"Tablet","Lenovo",545.87,5,"C1761","Michael Lee",42,"Male","Canada"
2023-08-18,1056,"Smartphone","Apple",477.51,5,"C1762","Sophia Wang",30,"Female","South Korea"
2023-08-07,1019,"Headphones","HP",379.64,4,"C1763","Sophia Wang",42,"Male","Canada"
2023-08-13,1027,"Smartwatch","Samsung",965.9,2,"C1764","Emma Brown",20,"Male","USA"
2023-08-02,1027,"Headphones","Xiaomi",866.44,1,"C1765","Sophia Wang",60,"Female","China"
2023-08-12,1042,"Smartwatch","HP",723.38,1,"C1766","John Smith",31,"Male","China"
2023-08-30,1066,"Smartphone","HP",484.36,3,"C1767","John Smith",28,"Female","USA"
2023-08-03,1045,"Laptop","Apple",971.7,3,"C1768","Emma Brown",58,"Male","USA"
2023-08-20,1027,"Smartphone","Lenovo",232.49,5,"C1769","James Chen",53,"Female","Canada"
2023-08-26,1012,"Smartwatch","Sony",343.99,2,"C1770","John Smith",36,"Female","UK"
2023-08-25,1004,"Laptop","Fitbit",490.64,2,"C1771","Noah Wilson",31,"Male","Canada"
2023-08-08,1028,"Smartphone","Lenovo",888,2,"C1772","David Liu",46,"Female","Canada"
2023-08-20,1071,"Headphones","Dell",699.81,5,"C1773","James Chen",50,"Male","Canada"
2023-08-28,1095,"Smartphone","Dell",850.43,1,"C1774","Sophia Wang",33,"Female","Canada"
2023-08-23,1028,"Laptop","Lenovo",150.05,2,"C1775","Olivia Davis",60,"Female","South Korea"
2023-08-14,1077,"Laptop","HP",764.23,3,"C1776","James Chen",38,"Female","USA"
2023-08-01,1090,"Smartphone","Xiaomi",737.05,3,"C1777","Emily Johnson",22,"Female","Australia"
2023-08-24,1010,"Smartphone","Sony",965.63,3,"C1778","Noah Wilson",29,"Female","Australia"
2023-08-14,1065,"Smartphone","Xiaomi",863.47,2,"C1779","Michael Lee",54,"Male","USA"
2023-08-21,1048,"Smartwatch","Samsung",892.6,3,"C1780","James Chen",44,"Male","USA"
2023-08-24,1041,"Smartwatch","Dell",410.41,4,"C1781","Sophia Wang",41,"Female","USA"
2023-08-18,1067,"Smartwatch","Lenovo",878.04,2,"C1782","Olivia Davis",46,"Female","Australia"
2023-08-24,1065,"Tablet","Samsung",470.09,4,"C1783","Lily Kim",49,"Female","China"
2023-08-02,1057,"Headphones","Lenovo",924.16,2,"C1784","Emily Johnson",60,"Male","Canada"
2023-08-30,1071,"Headphones","Fitbit",194.92,3,"C1785","David Liu",37,"Male","Canada"
2023-08-05,1047,"Laptop","Apple",312.94,4,"C1786","Olivia Davis",58,"Male","UK"
2023-08-10,1009,"Laptop","Sony",340.79,4,"C1787","Noah Wilson",21,"Female","South Korea"
2023-08-12,1002,"Headphones","HP",778.99,2,"C1788","John Smith",35,"Male","Australia"
2023-08-03,1059,"Headphones","Xiaomi",869.89,5,"C1789","Olivia Davis",29,"Male","UK"
2023-08-26,1014,"Tablet","Bose",907.86,1,"C1790","Lily Kim",45,"Male","Australia"
2023-08-18,1085,"Tablet","Bose",539.35,4,"C1791","Lily Kim",51,"Male","China"
2023-08-18,1044,"Smartwatch","Xiaomi",127.54,5,"C1792","David Liu",38,"Female","China"
2023-08-18,1029,"Smartphone","Fitbit",502.45,3,"C1793","Michael Lee",34,"Male","USA"
2023-08-15,1082,"Smartphone","Fitbit",904.6,1,"C1794","John Smith",51,"Female","South Korea"
2023-08-01,1012,"Smartwatch","Xiaomi",146.42,4,"C1795","Emily Johnson",20,"Female","China"
2023-08-08,1022,"Smartphone","Bose",226.61,5,"C1796","David Liu",36,"Female","USA"
2023-08-19,1028,"Laptop","Dell",804.3,4,"C1797","James Chen",59,"Male","Australia"
2023-08-08,1043,"Laptop","Sony",163.2,4,"C1798","Olivia Davis",48,"Male","Australia"
2023-08-30,1025,"Tablet","Fitbit",561.41,5,"C1799","Emily Johnson",30,"Female","Canada"
2023-08-20,1099,"Headphones","Dell",513.17,5,"C1800","Michael Lee",23,"Male","UK"
2023-08-19,1060,"Smartphone","Fitbit",501.29,3,"C1801","Lily Kim",51,"Female","China"
2023-08-02,1090,"Headphones","Bose",138.87,2,"C1802","Emma Brown",32,"Female","China"
2023-08-21,1009,"Smartwatch","Xiaomi",265.29,5,"C1803","Michael Lee",59,"Female","UK"
2023-08-20,1097,"Tablet","Samsung",297.41,5,"C1804","Lily Kim",25,"Male","USA"
2023-08-31,1078,"Smartwatch","Lenovo",158.96,4,"C1805","Sophia Wang",42,"Female","Canada"
2023-08-19,1027,"Smartphone","Samsung",821.49,2,"C1806","Emily Johnson",46,"Male","Australia"
2023-08-29,1051,"Headphones","Bose",120.45,3,"C1807","Emily Johnson",26,"Female","USA"
2023-08-26,1076,"Smartwatch","Bose",579.85,3,"C1808","Emily Johnson",42,"Female","China"
2023-08-11,1054,"Headphones","Xiaomi",436.74,2,"C1809","John Smith",24,"Male","Australia"
2023-08-15,1014,"Tablet","HP",910.56,2,"C1810","Noah Wilson",55,"Male","China"
2023-08-18,1076,"Headphones","Lenovo",221.08,1,"C1811","James Chen",54,"Female","South Korea"
2023-08-08,1096,"Headphones","Xiaomi",647.87,3,"C1812","Michael Lee",30,"Male","South Korea"
2023-08-24,1020,"Tablet","Fitbit",539.74,4,"C1813","Emma Brown",43,"Female","Canada"
2023-08-10,1023,"Laptop","HP",139.17,1,"C1814","John Smith",28,"Male","Canada"
2023-08-29,1022,"Smartphone","HP",441.65,3,"C1815","David Liu",36,"Male","Canada"
2023-08-02,1068,"Headphones","Dell",212.65,5,"C1816","Emma Brown",22,"Female","UK"
2023-08-22,1077,"Smartwatch","Lenovo",815.18,4,"C1817","Emily Johnson",45,"Female","UK"
2023-08-04,1005,"Smartwatch","Sony",607.13,1,"C1818","James Chen",47,"Female","Australia"
2023-08-23,1100,"Smartphone","Dell",537.19,2,"C1819","Michael Lee",27,"Female","South Korea"
2023-08-17,1020,"Tablet","Xiaomi",401.15,4,"C1820","Lily Kim",58,"Female","UK"
2023-08-12,1097,"Laptop","Bose",717.23,2,"C1821","Lily Kim",55,"Female","USA"
2023-08-23,1030,"Tablet","Dell",836.02,2,"C1822","Sophia Wang",60,"Male","Australia"
2023-08-20,1062,"Headphones","Xiaomi",115.04,3,"C1823","James Chen",58,"Male","Canada"
2023-08-19,1009,"Tablet","Apple",603.98,4,"C1824","Emma Brown",50,"Male","Canada"
2023-08-07,1009,"Headphones","HP",637.03,5,"C1825","Emma Brown",22,"Female","China"
2023-08-09,1054,"Tablet","Samsung",220.24,3,"C1826","Emma Brown",33,"Female","China"
2023-08-31,1045,"Smartphone","HP",713.84,5,"C1827","Michael Lee",27,"Male","China"
2023-08-30,1077,"Tablet","Xiaomi",362.41,3,"C1828","Lily Kim",57,"Male","Canada"
2023-08-19,1034,"Headphones","Bose",718.57,5,"C1829","David Liu",44,"Female","Canada"
2023-08-21,1031,"Tablet","Apple",861.26,3,"C1830","Olivia Davis",51,"Male","South Korea"
2023-08-11,1029,"Laptop","HP",578.91,4,"C1831","Olivia Davis",44,"Male","Canada"
2023-08-11,1027,"Tablet","Fitbit",255,5,"C1832","Michael Lee",26,"Male","USA"
2023-08-31,1009,"Headphones","HP",133.74,1,"C1833","Emily Johnson",58,"Female","China"
2023-08-12,1063,"Smartphone","Bose",160.09,1,"C1834","Emma Brown",46,"Female","USA"
2023-08-17,1028,"Smartwatch","Xiaomi",476.93,1,"C1835","Lily Kim",30,"Male","USA"
2023-08-02,1056,"Headphones","Apple",742.62,1,"C1836","Lily Kim",44,"Male","USA"
2023-08-20,1015,"Smartphone","HP",108.36,1,"C1837","Noah Wilson",53,"Male","USA"
2023-08-07,1076,"Smartwatch","Fitbit",615.25,1,"C1838","Michael Lee",24,"Female","UK"
2023-08-17,1082,"Smartphone","Apple",329.57,3,"C1839","Lily Kim",32,"Female","UK"
2023-08-04,1044,"Laptop","Dell",291.52,5,"C1840","Olivia Davis",39,"Male","USA"
2023-08-13,1058,"Tablet","Fitbit",598.7,1,"C1841","Olivia Davis",43,"Female","Australia"
2023-08-19,1015,"Smartwatch","Xiaomi",533.42,4,"C1842","Emma Brown",22,"Female","China"
2023-08-01,1016,"Laptop","Lenovo",808.56,5,"C1843","Emma Brown",33,"Male","USA"
2023-08-28,1087,"Tablet","Bose",604.94,3,"C1844","David Liu",34,"Male","China"
2023-08-17,1012,"Laptop","Dell",677.49,4,"C1845","Olivia Davis",34,"Male","USA"
2023-08-04,1044,"Smartwatch","HP",299.49,2,"C1846","Emma Brown",22,"Female","USA"
2023-08-25,1040,"Smartphone","Sony",325.73,1,"C1847","Emma Brown",60,"Male","Australia"
2023-08-02,1075,"Laptop","Xiaomi",678.12,1,"C1848","Lily Kim",20,"Female","Canada"
2023-08-27,1082,"Laptop","Lenovo",667.85,4,"C1849","John Smith",36,"Male","Canada"
2023-08-29,1077,"Tablet","Lenovo",319.59,2,"C1850","Lily Kim",49,"Female","Canada"
2023-08-26,1079,"Laptop","Bose",897.52,1,"C1851","Sophia Wang",43,"Male","UK"
2023-08-25,1004,"Laptop","Bose",429.17,2,"C1852","Lily Kim",44,"Female","UK"
2023-08-21,1053,"Tablet","Fitbit",325.2,1,"C1853","John Smith",28,"Female","Canada"
2023-08-08,1053,"Smartwatch","Apple",794.09,1,"C1854","James Chen",36,"Female","South Korea"
2023-08-03,1049,"Headphones","Lenovo",480.2,2,"C1855","Emma Brown",42,"Female","UK"
2023-08-26,1068,"Smartphone","Fitbit",448.85,1,"C1856","James Chen",21,"Female","UK"
2023-08-13,1039,"Tablet","Dell",627.57,1,"C1857","Sophia Wang",41,"Male","Canada"
2023-08-02,1087,"Headphones","HP",142.72,2,"C1858","James Chen",48,"Female","Canada"
2023-08-23,1037,"Headphones","Xiaomi",383.88,3,"C1859","James Chen",36,"Male","Australia"
2023-08-04,1077,"Smartwatch","Dell",456.17,4,"C1860","Olivia Davis",41,"Male","Australia"
2023-08-09,1092,"Tablet","Dell",427.94,1,"C1861","Olivia Davis",38,"Male","UK"
2023-08-11,1044,"Smartphone","HP",140.11,2,"C1862","Emma Brown",41,"Female","USA"
2023-08-28,1084,"Laptop","Sony",855.35,5,"C1863","James Chen",38,"Female","Australia"
2023-08-10,1078,"Smartwatch","Xiaomi",369.24,1,"C1864","James Chen",42,"Male","UK"
2023-08-14,1095,"Headphones","Sony",880.11,2,"C1865","Emily Johnson",33,"Male","China"
2023-08-27,1087,"Tablet","Dell",335.85,5,"C1866","Michael Lee",32,"Male","UK"
2023-08-01,1070,"Tablet","Dell",394.91,1,"C1867","Michael Lee",22,"Female","USA"
2023-08-01,1034,"Headphones","Apple",999.32,1,"C1868","Noah Wilson",28,"Female","USA"
2023-08-14,1055,"Tablet","Dell",901.34,5,"C1869","Olivia Davis",48,"Male","Australia"
2023-08-31,1094,"Smartphone","Xiaomi",719.52,1,"C1870","James Chen",55,"Female","Australia"
2023-08-20,1094,"Smartphone","Fitbit",160.22,4,"C1871","Lily Kim",45,"Male","China"
2023-08-26,1007,"Smartwatch","Samsung",703.69,3,"C1872","Noah Wilson",54,"Female","China"
2023-08-21,1014,"Tablet","HP",219.38,5,"C1873","David Liu",27,"Male","China"
2023-08-28,1060,"Smartwatch","Dell",621.4,2,"C1874","Olivia Davis",27,"Male","Canada"
2023-08-11,1058,"Laptop","Dell",583.1,4,"C1875","Emma Brown",57,"Female","China"
2023-08-31,1037,"Headphones","Fitbit",368.5,1,"C1876","Michael Lee",29,"Female","UK"
2023-08-09,1008,"Headphones","Sony",480.59,2,"C1877","Lily Kim",36,"Female","South Korea"
2023-08-30,1031,"Laptop","Xiaomi",103.34,1,"C1878","Lily Kim",48,"Female","China"
2023-08-19,1064,"Laptop","Lenovo",608.98,5,"C1879","Emily Johnson",27,"Female","Canada"
2023-08-05,1003,"Laptop","Apple",968.56,4,"C1880","David Liu",48,"Male","Australia"
2023-08-21,1025,"Smartwatch","Fitbit",415.05,3,"C1881","Noah Wilson",36,"Male","UK"
2023-08-02,1032,"Smartphone","Dell",372.56,4,"C1882","Olivia Davis",45,"Female","Australia"
2023-08-09,1061,"Headphones","Dell",157.63,3,"C1883","Lily Kim",58,"Female","UK"
2023-08-03,1012,"Headphones","HP",274.9,4,"C1884","Lily Kim",37,"Female","Australia"
2023-08-24,1019,"Smartphone","Samsung",687.17,1,"C1885","Emma Brown",42,"Male","USA"
2023-08-12,1089,"Smartwatch","Samsung",337.92,2,"C1886","Sophia Wang",54,"Female","Australia"
2023-08-02,1013,"Tablet","Xiaomi",455.96,5,"C1887","James Chen",33,"Female","Australia"
2023-08-27,1016,"Smartphone","Dell",872.92,3,"C1888","James Chen",49,"Female","Australia"
2023-08-24,1005,"Laptop","Sony",896.87,4,"C1889","James Chen",24,"Female","UK"
2023-08-29,1051,"Smartwatch","Dell",794.87,5,"C1890","David Liu",54,"Female","China"
2023-08-28,1008,"Headphones","Apple",930.64,5,"C1891","Sophia Wang",48,"Female","Canada"
2023-08-16,1012,"Laptop","Apple",916.16,3,"C1892","Sophia Wang",24,"Female","UK"
2023-08-18,1066,"Smartphone","Apple",444.45,1,"C1893","Lily Kim",52,"Female","UK"
2023-08-30,1097,"Headphones","Dell",649.05,4,"C1894","Emma Brown",35,"Male","Australia"
2023-08-22,1083,"Smartphone","Sony",915.84,3,"C1895","James Chen",20,"Male","China"
2023-08-26,1076,"Tablet","Bose",508.8,4,"C1896","Emma Brown",31,"Male","USA"
2023-08-17,1015,"Laptop","Lenovo",939.02,2,"C1897","Olivia Davis",47,"Female","South Korea"
2023-08-20,1023,"Smartphone","Apple",461.08,5,"C1898","Noah Wilson",48,"Male","USA"
2023-08-31,1063,"Headphones","Lenovo",122.91,5,"C1899","Emma Brown",42,"Male","South Korea"
2023-08-08,1065,"Tablet","Xiaomi",153.74,4,"C1900","Lily Kim",38,"Female","USA"
2023-08-30,1077,"Headphones","HP",815.58,5,"C1901","David Liu",51,"Male","Canada"
2023-08-08,1094,"Tablet","Xiaomi",642.17,3,"C1902","Michael Lee",42,"Female","UK"
2023-08-19,1061,"Tablet","HP",155.09,3,"C1903","James Chen",43,"Female","China"
2023-08-15,1002,"Headphones","Lenovo",431.13,1,"C1904","Emma Brown",39,"Female","Australia"
2023-08-25,1035,"Laptop","Bose",667.83,4,"C1905","Lily Kim",20,"Male","UK"
2023-08-26,1065,"Smartphone","Xiaomi",415.79,4,"C1906","John Smith",49,"Female","Australia"
2023-08-06,1070,"Smartphone","Fitbit",378.44,2,"C1907","Emily Johnson",28,"Male","USA"
2023-08-03,1063,"Headphones","Lenovo",868.38,4,"C1908","John Smith",32,"Male","Canada"
2023-08-01,1003,"Tablet","Xiaomi",481.95,4,"C1909","John Smith",28,"Female","UK"
2023-08-30,1033,"Tablet","Xiaomi",898.38,2,"C1910","Lily Kim",22,"Female","UK"
2023-08-15,1037,"Smartphone","Fitbit",830.97,2,"C1911","Emily Johnson",38,"Male","Canada"
2023-08-04,1012,"Tablet","Apple",993.64,4,"C1912","James Chen",30,"Male","Australia"
2023-08-28,1070,"Laptop","Sony",499.77,3,"C1913","John Smith",31,"Male","UK"
2023-08-09,1006,"Laptop","Apple",711.11,3,"C1914","James Chen",29,"Male","Australia"
2023-08-01,1078,"Smartphone","Bose",154.02,2,"C1915","Olivia Davis",46,"Male","UK"
2023-08-11,1055,"Headphones","Xiaomi",516,5,"C1916","Emily Johnson",44,"Male","Australia"
2023-08-06,1026,"Smartphone","Xiaomi",908.48,5,"C1917","Emma Brown",29,"Female","USA"
2023-08-20,1034,"Headphones","Bose",263.67,5,"C1918","Olivia Davis",43,"Female","South Korea"
2023-08-14,1049,"Smartphone","Xiaomi",196.59,1,"C1919","Michael Lee",29,"Female","Canada"
2023-08-09,1062,"Smartphone","Xiaomi",538.03,3,"C1920","Michael Lee",36,"Female","UK"
2023-08-28,1067,"Headphones","Xiaomi",935.14,4,"C1921","David Liu",41,"Female","South Korea"
2023-08-31,1035,"Laptop","Bose",961.6,5,"C1922","Olivia Davis",54,"Male","USA"
2023-08-24,1017,"Headphones","Xiaomi",776.4,1,"C1923","Noah Wilson",48,"Male","USA"
2023-08-06,1036,"Smartphone","Samsung",465.96,1,"C1924","Michael Lee",27,"Male","USA"
2023-08-12,1065,"Smartwatch","Fitbit",667.39,1,"C1925","Noah Wilson",38,"Male","USA"
2023-08-22,1018,"Laptop","Bose",960.62,3,"C1926","Lily Kim",38,"Female","Canada"
2023-08-17,1081,"Smartphone","Sony",103.81,1,"C1927","Emma Brown",40,"Female","South Korea"
2023-08-11,1086,"Laptop","Sony",470.68,4,"C1928","Michael Lee",51,"Male","Canada"
2023-08-27,1066,"Headphones","HP",145.31,3,"C1929","Olivia Davis",28,"Female","South Korea"
2023-08-09,1090,"Smartwatch","Lenovo",624.97,5,"C1930","Michael Lee",41,"Male","Australia"
2023-08-18,1064,"Tablet","HP",131.96,5,"C1931","Noah Wilson",32,"Female","USA"
2023-08-11,1084,"Tablet","Dell",994.1,3,"C1932","John Smith",54,"Female","South Korea"
2023-08-19,1059,"Smartphone","Dell",121.79,1,"C1933","Sophia Wang",45,"Male","UK"
2023-08-01,1071,"Laptop","Sony",559.75,3,"C1934","Sophia Wang",59,"Female","Canada"
2023-08-11,1057,"Tablet","Samsung",144.53,4,"C1935","James Chen",40,"Male","UK"
2023-08-17,1066,"Tablet","Sony",165.84,2,"C1936","Olivia Davis",60,"Male","Canada"
2023-08-17,1035,"Headphones","Xiaomi",661.95,2,"C1937","Noah Wilson",57,"Female","UK"
2023-08-08,1075,"Headphones","Apple",325.24,3,"C1938","David Liu",40,"Female","UK"
2023-08-11,1070,"Smartphone","Apple",534.94,5,"C1939","Olivia Davis",34,"Male","China"
2023-08-18,1009,"Laptop","Lenovo",230.75,5,"C1940","Noah Wilson",27,"Male","UK"
2023-08-01,1003,"Headphones","Fitbit",269.1,3,"C1941","Olivia Davis",22,"Male","South Korea"
2023-08-23,1087,"Smartwatch","Xiaomi",582.21,3,"C1942","Lily Kim",45,"Male","Canada"
2023-08-06,1032,"Laptop","Xiaomi",871.35,2,"C1943","David Liu",36,"Male","Australia"
2023-08-02,1034,"Smartphone","HP",355.21,4,"C1944","David Liu",36,"Female","UK"
2023-08-14,1058,"Smartwatch","Samsung",295.24,3,"C1945","Emma Brown",29,"Male","UK"
2023-08-05,1074,"Smartwatch","Lenovo",682.57,3,"C1946","Michael Lee",52,"Male","USA"
2023-08-01,1044,"Smartphone","Sony",402.6,4,"C1947","John Smith",34,"Male","China"
2023-08-30,1093,"Headphones","Bose",953.01,5,"C1948","Emily Johnson",54,"Male","Canada"
2023-08-25,1044,"Tablet","Fitbit",364.45,3,"C1949","Emily Johnson",45,"Male","South Korea"
2023-08-23,1042,"Smartwatch","Bose",248.01,4,"C1950","James Chen",35,"Female","South Korea"
2023-08-18,1068,"Laptop","HP",162.18,4,"C1951","Olivia Davis",27,"Male","China"
2023-08-28,1076,"Smartphone","HP",240.97,2,"C1952","Olivia Davis",28,"Female","UK"
2023-08-04,1092,"Smartphone","Sony",979.63,2,"C1953","David Liu",39,"Male","China"
2023-08-15,1084,"Tablet","HP",458.94,2,"C1954","James Chen",53,"Female","Canada"
2023-08-07,1023,"Smartwatch","Lenovo",954.66,1,"C1955","Sophia Wang",47,"Female","USA"
2023-08-14,1093,"Smartwatch","Xiaomi",830.2,3,"C1956","Lily Kim",48,"Male","South Korea"
2023-08-10,1027,"Laptop","HP",138.61,1,"C1957","David Liu",34,"Male","Australia"
2023-08-03,1098,"Tablet","Xiaomi",681.9,5,"C1958","Michael Lee",52,"Female","Australia"
2023-08-07,1021,"Headphones","Samsung",435.15,5,"C1959","Michael Lee",46,"Female","USA"
2023-08-05,1067,"Smartphone","Bose",587.43,1,"C1960","David Liu",43,"Male","Canada"
2023-08-24,1026,"Smartwatch","Fitbit",122.45,2,"C1961","Olivia Davis",38,"Male","China"
2023-08-06,1012,"Laptop","Apple",947.8,1,"C1962","James Chen",21,"Female","China"
2023-08-05,1019,"Smartwatch","Lenovo",695.23,3,"C1963","Lily Kim",49,"Female","China"
2023-08-21,1049,"Headphones","HP",454.69,2,"C1964","Emily Johnson",46,"Female","Canada"
2023-08-31,1046,"Smartwatch","Apple",593.82,5,"C1965","Olivia Davis",49,"Male","UK"
2023-08-18,1074,"Laptop","HP",970.96,5,"C1966","Michael Lee",56,"Female","China"
2023-08-09,1091,"Smartwatch","HP",371.85,1,"C1967","John Smith",34,"Male","Australia"
2023-08-03,1094,"Tablet","Apple",158.9,1,"C1968","Sophia Wang",55,"Female","UK"
2023-08-03,1040,"Tablet","Sony",133.07,3,"C1969","Emma Brown",59,"Male","USA"
2023-08-09,1006,"Laptop","Samsung",649.6,4,"C1970","Emily Johnson",47,"Female","USA"
2023-08-31,1033,"Headphones","Bose",314.59,2,"C1971","Lily Kim",56,"Female","China"
2023-08-13,1096,"Smartphone","Lenovo",835.37,1,"C1972","Sophia Wang",59,"Female","China"
2023-08-27,1039,"Smartphone","Xiaomi",895.84,2,"C1973","Emily Johnson",29,"Male","USA"
2023-08-29,1030,"Headphones","Xiaomi",885.32,1,"C1974","John Smith",52,"Male","UK"
2023-08-27,1005,"Headphones","Fitbit",127.28,1,"C1975","Michael Lee",42,"Female","Australia"
2023-08-07,1049,"Tablet","Sony",165.88,1,"C1976","David Liu",25,"Female","USA"
2023-08-10,1029,"Tablet","Bose",233.93,1,"C1977","Emily Johnson",39,"Female","China"
2023-08-17,1051,"Tablet","Bose",338.99,5,"C1978","Olivia Davis",53,"Female","Canada"
2023-08-02,1093,"Headphones","HP",582.05,4,"C1979","Michael Lee",37,"Female","Australia"
2023-08-20,1070,"Tablet","HP",124.01,2,"C1980","Emily Johnson",33,"Male","South Korea"
2023-08-17,1006,"Laptop","Apple",881.42,5,"C1981","Emma Brown",37,"Male","UK"
2023-08-26,1019,"Laptop","Bose",464.98,4,"C1982","Sophia Wang",57,"Male","South Korea"
2023-08-12,1057,"Laptop","Apple",334.54,2,"C1983","Sophia Wang",56,"Male","UK"
2023-08-24,1042,"Smartwatch","Dell",377.6,2,"C1984","Emily Johnson",52,"Female","USA"
2023-08-24,1047,"Laptop","Lenovo",100.54,4,"C1985","Sophia Wang",47,"Female","UK"
2023-08-06,1090,"Laptop","Bose",854.46,5,"C1986","Emma Brown",51,"Male","South Korea"
2023-08-30,1081,"Smartwatch","Lenovo",995.96,3,"C1987","Lily Kim",45,"Male","UK"
2023-08-22,1076,"Tablet","Bose",694.97,3,"C1988","Olivia Davis",37,"Female","China"
2023-08-30,1002,"Headphones","Sony",230.1,3,"C1989","Emma Brown",44,"Male","USA"
2023-08-19,1086,"Laptop","Dell",445.21,1,"C1990","Emma Brown",29,"Male","South Korea"
2023-08-10,1098,"Tablet","Lenovo",935.43,4,"C1991","Noah Wilson",27,"Male","Australia"
2023-08-16,1027,"Laptop","Dell",922.09,1,"C1992","Lily Kim",36,"Female","Canada"
2023-08-01,1098,"Laptop","Apple",239.06,1,"C1993","Noah Wilson",39,"Male","USA"
2023-08-10,1068,"Smartphone","Samsung",498.37,2,"C1994","David Liu",38,"Female","Australia"
2023-08-07,1040,"Tablet","Sony",618.69,3,"C1995","John Smith",56,"Male","USA"
2023-08-25,1058,"Smartwatch","Xiaomi",915.28,4,"C1996","Michael Lee",49,"Female","USA"
2023-08-24,1037,"Smartwatch","Dell",315.21,1,"C1997","Emily Johnson",39,"Male","South Korea"
2023-08-31,1016,"Headphones","HP",772.74,5,"C1998","Olivia Davis",51,"Female","USA"
2023-08-02,1002,"Laptop","Bose",526.7,3,"C1999","Olivia Davis",43,"Female","USA"
2023-08-04,1037,"Laptop","Lenovo",771.23,4,"C2000","James Chen",50,"Male","USA"
